sentence,label
"接到 用户 举报 ， 经 核实 吧 主   热血 笨蛋 火神 君   长期 未 对 贴 吧 进行 管理 及 发言 ， 无法 在 建设   王炸 的 麻袋 吧   内容 上 、 言论 导向 上 发挥 应有 的 模范带头 作用 ， 严重 违反 吧 主 协议 ， 故 撤销 其 吧 主 管理权限 。 如对 此项 决议 有 异议 ， 请 至 贴 吧 反馈 中心 进行 申诉 ， 链接   http : tieba . baidu . comhermesfeedback
",n
"百度 贴 吧 管理 组
",p
"接到 用户 举报 ， 经 核实 吧 主   腹黑 天使 艾萨克   长期 未 对 贴 吧 进行 管理 及 发言 ， 无法 在 建设   王炸 的 麻袋 吧   内容 上 、 言论 导向 上 发挥 应有 的 模范带头 作用 ， 严重 违反 吧 主 协议 ， 故 撤销 其 吧 主 管理权限 。 如对 此项 决议 有 异议 ， 请 至 贴 吧 反馈 中心 进行 申诉 ， 链接   http : tieba . baidu . comhermesfeedback
",n
"百度 贴 吧 管理 组
",p
"为什么 麻袋 凉 了
",n
"不 知道 呀
",n
"ky 还有 的 磕 吗
",p
"控场 了 啊
",n
"麻袋 惨到 连 怎么 糊 的 ， 人们 都 忘记 了 hhhh
",n
"所以 ky 最后 是 be 了 ？
",n
"下岛 又 想 上 岛 了
",p
"袋子 回不去 了 啦
",n
"哪 两个 人 关系 更好 ？ 一 开始 是 凯源 ， 但凯凯 飘 了 ， 后来 是 凯千 ， 但 千千 已经 明显 嫌弃 凯凯 了 。 我 站 千源
",n
"白眼 pk ， 千千 五周年 翻凯凯 白眼 的 图 谁 有
",n
"动图 我 刚 去 找 了 ！ 但发 不 上来
",p
"说 我 尺寸 有 问题
",p
"最近 这 段时间 ， 有 一个 动图 让 我 印象 深刻
",p
"我 当时 看到 这个 动图 ， 心里 久久 不能平静
",p
"这个 团 怎么 变成 这样 了
",n
"凯凯 为什么 那么 讨好 千千 也是 很迷
",n
"互相 翻白眼 那张 吗 ？ 很 好 啊 ， 都 是 血气方刚 的 小伙子 ， 装 什么 塑料 姐妹 ， 撕起来 撕起来
",n
"易 烊 千玺 也 不是 只 冷落 那 一次 了 ， 等 我 找 找 那些 个动图
",n
"千千 在 传记 里 说 源源 是 他 光亮 的 来源
",p
"果然 现在 还是 千源 关系 比较 好 吧
",p
"凯源 凯千 单方面 的 付出 没有 结果 的
",n
"也 不怪 千千 翻白眼 ， 单方面 被 缠 哪 有 不烦 的 ， 同理 源源 ， 一味 忍让 在 感情 中 没有 好 果子吃 的
",n
"笑死人
",n
"普通 同事 关系 而已 ， 我 一直 以来 都 这样 认为 ， 没 你 什么 好 的 时候 也 没什么 不好 的 时候
",n
"在 四字 和 三字 的 爱情 中间 二字 不配 拥有 姓名 ， 放过 孩子 吧
",n
"狗 图过 了 手 的 团文 ， 我 是 一个 字 都 不会 信 的 ， 狗 图别 想 忽悠 我 ， 我 有 眼睛 ， 自己 看
",n
"王俊凯 对易 烊 千玺 不 知道 从 什么 时候 开始 ， 就 变得 热情 ， 有 事情 就 想 和 他 分享 ， 笑容 也是 上易 烊 千玺 开关
",p
"易 烊 千玺 对 王俊凯 之前 还是 很 自然 的 嬉笑 打闹 ， 各自 开 了 工作室 之后 ， 易 烊 千玺 变 了 ， 冷脸 很多 ， 不怎么 回应 王俊凯 了
",n
"感覺 434 就是 那種 戰略 上 的 合作 關 係 ？ 在 目標 一致 的 時候 搭 把手 ， 有 利益 衝突 的 時候 就 互 甩 對方 臉色
",n
"王俊凯 对 王源 ， 不 知道 咋 了 这 两位 。 王俊凯 的 表现 也 太 明显 了 ， 采访 王源 说话 时 ， 他 表情 会 不耐烦 （ 大哥 ， 你 都 不 在 媒体 面前 展现 一下 你 的 情商 吗 ， 你 这 表现 媒体 可以 写 很多 稿子 黑 你 的 组合 的 噢 ） ， 坐 位置 的 时候 还会 故意 坐远 一点 （ 记者 估计 内心 狂喜 ） ， 时不时 还会 翻白眼 （ 到 这里 团魂 已 是 越来越 难 挽回 ）
",n
"千源 的 話 還是 算了 ， 組合 裏 千跟凱 是 同一 陣線 的 ， 434 掰 了 ， 千源 也 不 可能
",n
"王源 对 王俊凯 ， 从 开始 的 保持 微笑 ， 到 现在 的 视而不见 。 刚 开始 还 保持 一下 组合 的 面子 ， 可是 你 队长 都 自暴自弃 了 ， 你 努力 有个 什么 用 啊 ？ 现在 的 反应 太像 天蝎 的 决绝 ， 既然 不理 我 ， 那 我 也 释然 ， come   on ！ who   cares ？
",n
"其实 是因为 千玺 现在 很 瞧 不 上俊凯 吧 。 。 而且 他 毕竟 家世 好 ， 瞧 不 上 另 两个 人 也是 应该 的
",n
"而且 他们 仨 一 开始 感情 是 真的 好 啊 ， 看 少年 go 装 不 出来 的 ， 后来 慢慢 同事 就 各种各样 原因 啦
",p
"易 烊 千玺 对 王源 ， 单人 行程 前 ， 他 还是 有 保持 基本 的 互动 ， 王源 闹 他 他 也 会 笑 一下 或者 损 一下 。 算 比较 熟悉 朋友 的 状态 。 但易 烊 千玺 从 个人 工作室 开始 ， 人 就 变 了 ， 对 另外 两位 都 没有 什么 回应 ， 脸拉得 更长 了 ， 长到 团饭 都 开始 看不下去 了 。 今年 更 夸张 ， 周年 直接 表白 红海 也是 个 小 心思 藏不住 的 主儿 。
",n
"一台 机器人 一天 能 弄 40 - 50 ， 十 台 机器人 一天 能 弄 400 - 500 ， 想要 了解 的 ➕ V ， 非诚 勿扰
",p
"大家 都 有 了 竞争 ， 怎么 可能 还 如同 以前 ， 服从 公司 安排 ， 扮演 预设 好 的 角色
",n
"毕竟 富 二代 和富 一代 之间 还是 有 鸿沟 的
",n
"但是 关系 再 差 也 有 个 比较 ， 我 现在 觉得 千源 关系 更好
",p
"王源 对易 烊 千玺 ， 之前 这 两人 看着 玩 的 比较 来 ， 王源 对 他 也是 客客气气 的 ， 偶尔 会 有 男孩子 之间 的 调皮 ， 有 好笑 的 东西 也 会 和 他 讲 。 但是 王源 对 他 更 像 熟悉 的 朋友 ， 算不上 兄弟 。 为什么 这么 说 ？ 首先 每个 人 对待 好 朋友 和 兄弟 闺蜜 的 方式 不 一样 ， 王源 的 方式 从 sq 身上 可以 看得出 。 他 对 sq 讲话 和 相处 不会 那么 的 小心翼翼 ， 信任感 更 多一点 ， 在 他 面前 可以 放心 地 释放 童 真的 天性 。 现在 嘛 ， 王源 对易 烊 千玺 可能 也是 想 明白 了 ， 既然 不理 我 ， 我 为什么 还要 热情 的 迎上去 ？ 洒脱 了 许多
",n
"就 这种 关系 才能 长久 啊 ， 而且 啥时候 见千玺 不理 王源 了 ， 平常 因为 占位 都 没 机会 说话 ， 两人 单独 合作 的 时候 气氛 很 融洽 啊 起码 表面 上 。
",p
"我 看凯源 凯千 之所以 这样 崩掉 就是 因为 玩 的 太近 ， 肯定 越 相处 越烦 啊
",n
"不过 我 相信 俊凯会 持续 倒贴 的 。 。 心疼 他
",n
"对于 团魂 ， 四叶草 也是 不断 欺骗 自己 ， 只是 现在 越来越 编不 下去 了 ， 编出来 话 连 自己 都 不 相信 ， 还要 解释 给 别人 听 。 团魂 这种 事 ， 靠 一个 人 是 没有 用 的 ， 反而 弄 的 大家 都 尴尬 。
",n
"今年 五周年 小易 也 挺 明显 的 ， 还有 就是 之前 微博之夜 （ ？ 好像 是 这个 活动 ） ， 三个 人用 奖杯 碰杯 式 庆祝 的 视频 ， 哈哈哈 这个 脸上 表情 简直 了
",n
"我 之前 大致 看 了 一下 他们 的 团歌 表演 ， 小易 的 眼神 就 很少 离开 观众席 的 左 半边 。 王源 有时候 给 他 提示 ， 他 也 不怎么 理睬 。 等 之后 有 时间 ， 再 细致 地 看团 歌舞 台 ， 我 可能 可以 说 得 更 细致 一点
",n
"想太多 了 吧 ， 难道 别人 真的 性取向 有 问题 啊 ？
",n
"反正 不 可能 太好 ，
",n
"我 不 知道 这 三个 怎么样 ， 但是 我 从没 见 过 像 凯千粉 这么 厚颜无耻 之 人
",n
"没脸没皮 而已
",n
"楼上 纸鸟 帖 的 臆想 怕 是 要 穿破 天际 了 ， ，
",n
"讲真   要 我 我 也 不 愿意 和 唱歌 跑调 救 不 回来 还 自视 清高 的 人 玩   嘻嘻
",n
"一部分 从 岛上 下来 和 四叶草 转唯 的 真的 离不开 队友 ， 对于 直接 单人 入坑 的 实在 对 8102 年 还 在 纠缠 队友 的 行为 无法 理解
",n
"很 认真 的 说 ， 凯源 是 互 砍 的 关系 ， 凯千是 凯凯 单方面 怕 千千 的 关系 ， 千源 是 撕破脸皮 后 你 谁 呀 的 关系
",n
"以前 不看 这些 评论 ， 可是 偶然 看见 他们 小时候 的 偶像 手记 视频 突然 非常 喜欢 他们 ， 连 我 儿子 都 说 妈妈 这么 大人 了 还 天天 追看 他们 视频 ， 那 时候 他们 是 真的 不错 ， 给 我们 呈现 出来 的 真的 是 青春活力 ， 从 最 开始 的确 看见 凯源 关系 比较 好 ， 后来 大 一点 的 时候 的确 发现 小凯 比较 喜欢 跟千玺 互动 ， 他们 三人 之中 我 是 最 喜欢 王源 的
",p
"喜欢 他们 小时候 组合 一起 的 时候 ， 单纯 可爱 ， 现在 大 了 接触 事物 面对 问题 多 了 肯定 有 变化 ， 整体 来说 王俊凯 比较 出色 ， 但是 他 喜欢 怼 人 ， 对千玺 过于 热情 ， 王源 不错 ， 会 想方设法 逗 大家 开心 ， 如果 分开 对 王源 比较 好 。
",p
"以前 我 总 觉得 那些 嚷 着 要 他们 解散 的 人 很 不 理智 ， 可是 经过 这 两年 我 也 只 想 说 ， 解散 吧 ！ 对 各自 都 好 ！ ！
",n
"鸡 就是 鸡 ， 菊开 被 导演 夸色 ， 情 了 还 装 什么 好孩子 哦
",n
"出色 是 出门 陪酒 很色 ， 情 的 简略 版 吗
",n
"别装 最 喜欢 wy 了 ， 谁 还 不 知道 谁 呢 ， 你 只是 菊开养 的 贱 鸡 罢了
",n
"凯和千 关系 比较 好 吧   , 肉眼 可见
",p
"小当 家里 wjk 黑脸 直接 白眼 wy 的 时候 ， yyqx 可是 屁颠 屁颠 的 跟 在 wjk 身后 一起 孤立 wy ， 跟 小 姐妹 手拉手 搞 小 团队 似的
",n
"* * * * ， 祝你们 生活 中 都 没 朋友
",n
"小时候 是 真的 好 ， 现在 纯粹 同事 关系 ， 基本 不 合体 不 联系 了 。
",n
"无所谓 了 ， 反正 我们 源源 要 走 了 ， 往事 随风而去 吧 ， 只是 希望 队友 毒唯粉 们 放 孩子 一条 生路 ， 别人 都 出国 了 还 nm 踩
",n
"我 真的 很迷 ， 朋友 间 有 矛盾 怎么 了 ， 真的 有 利益 关系 他们 玩 音乐 的 ， 玩 影视 的 其中 的 利弊 关系 那么 清楚 吗 ？ 那 他 三 的 助理 那么 好 。 助理 们 和 他们 也 那么 好 ， 他们 相遇 在 很小 的 时候 ， 那 时候 懂 什么 ， 一路 相互 扶持 。 有 矛盾 很 正常 吧 ， 你 没 对 你好 朋友 耍 过 脾气 啊 。 源 走 的 路 和 他们 不太 一样 ， 所以 需要 更 多 时间 在 其他 上 。 而且 千玺 之所以 五周年 那么 冷漠 ， 是因为 演了 少年 的 你 还 没 出戏 ， 你 演 的 第一部 电影 还是 那样 题材 的 电影 ， 你 一下 就 出 的 来 啊 ， 小凯 也是 ， 他 自己 本身 不缺 流量 ， 什么 叫 讨好 别人 ， 只是 更加 珍惜 而已 ， 他 在 尽量 把 千玺 带 出来 ， 好好 的 ， 被 你们 说成 什么样 了 。
",p
"欢迎 各位 袋友 到此一游
",p
"不禁 一切
",p
"保 你 平安
",p
"怎么 这么 吓人   最后 一张 是 在 做法 吗
",n
"终于 有 勇士 开楼 了
",p
"祝丑 千千 灵堂 祭奠 活动 一切顺利 。 🙏 🙏 🙏 🙏 🙏
",n
"午安
",p
"此楼 不 需要 控   楼主 先跨 出楼   回见
",p
"带 板凳 围观
",p
"给 纸鸟 占个 坐
",p
"跨 ， ctm 太 阴森 了
",n
"gg 今天 都 不 叫 生日会   官方 说法 叫 线下 活动   哈哈哈哈 哈哈哈   建议 改个 楼名
",p
"不禁 一切 那 我们 rs 楼主
",p
"跨跨 跨
",p
"邪教 现场
",n
"下午 追悼会 ， 大家 都 严肃 点 ！
",n
"真 不想 骂 干干 奈何 鸷鸟 和 他 的 工作室   和 他 本人 做 的 事 太 恶心 了
",n
"怎么 这个 色调 ！ ！ ！ ！ ！
",n
"千千 生日快乐 ， 有 的 人别 太过分 了 ， 平时 嘲嘲 就算 了 ， 生日 还是 说点 好 的
",p
"都 19 岁 了 ， 就 祝 干干 别 那么 衰 吧 ， 至少 别衰 别人
",n
"生日快乐
",p
"？ ？ ？ ？ ？
",n
"好 短 的 腿
",n
"野性 我 知道 什么 意思 ， 缝凉 是 什么 意思 ？
",n
"野性 就是 高潮 的 意思
",n
"一 遇见 天冷 就 自我 高潮 ！
",n
"现在 这个 吧 ， 意义 何在 ？
",n
"最大 的 存在 是 给 路 人 展露 * * 粉丝 的 无 下限 ， 给 yyqx 虐粉 ？
",n
"黑有 道 ， 长 点心 吧
",n
"太久 没来 了 ， 吧 主 吧 务 什么 时候 换 的
",p
"都 换 了 嘛 ？
",p
"你 在 哪 玩 呀 。 我 好 想 再 回到 麻袋 时期
",p
"说实话 比 现在 上网 快乐 多 了
",p
"我 现在 逛 豆瓣 小组 ， 逛 养鸡场 ， 看 各种 电影 ， 嘿哈 怎么 也 没有 以前 逛 麻袋 那种 一个 人 注册 四个 号 怕 被 管理员 封禁 然后 不能 开麦 的 狂热 感 了 。 那种 快乐 像是 达到 了 巅峰 ， 有时候 想起 麻袋 也 只是 想起 自己 什么 时候 最 快乐
",p
"最 喜欢 的 还是 麻袋 公马
",p
"想 说 什么 说 什么
",p
"原地
",p
"贴 吧 落寞 了
",n
"麻袋 公马 真的 快乐 还有 学习 资料 共享   可惜 啊 一去不复返了
",p
"百鬼 夜行 ， 群魔乱舞
",n
"丑 柑 19 了
",n
"鸟鸟 都 给 干干 设 灵堂 了 ， 几个 白莲 ， 婊 是不是 应该 把 鸟鸟 给 宰 了 。
",n
"这个 可是 鸟鸟 自己 设 的 ， 婊 ， 子装 什么 装 。 85 亿是 什么 钱 呀 ， 给 阎王爷 话花 的 吧 。
",n
"看来 大家 对 鸟鸟 的 容忍 底线 真的 很 高 啊 ， 鸟鸟 在 其他人 生日 犯   贱 的 时候 当 看不见 。 现在 到易 烊 千玺 生日 了 就要 站 在 道德 制高点 指责 别人 ？ 果然 gg 的 十三亿 路人粉 威力 很大 喔
",n
"祝 我们 葛如钩 20 岁 生活 快乐
",p
"最后 祝 今天 丑肝 的 追悼会 圆满成功 ， 19 岁 啦 。 以后 呢 要 就要 懂事 啦 ， 自己 少卖 惨 ， 粉丝 少 碰瓷 。
",n
"丑 柑 的 狗   逼   粉 在 别人 生日 当天 造 的 孽会孽 力回馈 的 ， ， 丑 又 low 的 主 ， 穷且 贱 的 奴 ， 绝配
",n
"今天 提到 了 丑 肝   还是 跨个 火盆 吧
",n
"这楼 跨 🔥 盆 怎么 够 ， 自私 点 ， 为了 自己 也 必须 跨个 火山 才 挡得住 衰气 ， 还 烧死 那些 平时 屁 的 不放个 ， 现在 在 那里 装模作样 的 当 什么 正义 使者 的 白莲花 们 。
",n
"跨 一下
",n
"垃圾场 里面 爬 的 果然 都 是 垃圾
",n
"干干 马上 19 岁 了 ， 学会 开麦 真唱 了 吗 ？ 替 丑 肥蠢 的 鸟鸟 们 默哀 。
",n
"哈哈哈哈 哈哈哈哈
",p
"来看 小 钱包 啦
",p
"自己 也是 在 这 混 的 人 好意思 说 别人 垃圾 ， 果然 婊   子 都 比较 喜欢 立 牌坊
",n
"敢不敢 全开 麦 ？
",n
"给 的 东西 还 挺 多
",p
"吃 着 螺狮 粉抖 腿 等   这 一袋 热量 可太高 了
",p
"这楼 有毒 吧 ， 吓死 了
",n
"太 可怕 了   我 跨 ！
",n
"* * 这 他 妈 太 吓人 了 吧
",n
"不敢 再入 这楼 ， 怕怕
",n
"吓死 我 了 。 。 。 。 * * * 是 鬼 娃娃 还是 养 小鬼 现场
",n
"发 成功 了
",p
"没 啥 人 倒 也好 ， 清闲自在
",p
"墨爷 ， 撕家 ， 和 鬼鬼
",n
"今日 的 乐趣 就 在于 看看 崽 崽 和 酒鬼 一家
",p
"以后 每天 都 会 来 这里 吐口 水
",n
"小 腚 ， 可爱 屎 了
",p
"使劲 吐槽 ， 斗罗 真的 让 人 等 得 心碎
",n
"绿茶 植入 简直 神来之笔 笑 死 了
",p
"柑橘 味 香气 还是 漫画 好看 ， 但是 很久没 更新 了 漫画
",p
"想 吃 辣 ， 爆辣
",p
"小 裙子 明天 晚上 就 去 买 。 网上 看 了 那么 多家 ， 结果 还是 实体店 比较 爽
",p
"还有 几天 我 就 满 四年 了
",p
"呀呀 呀
",p
"今天 的 撕 家宝 太太 太萌 了
",p
"是 了 ， 我 是 老 碳头 都 会 抓狂 哈哈哈哈
",p
"我 看 了 好多遍 ， 撕家 怎么 可以 这么 可爱
",p
"掏 ⭕ 无聊 到 我 都 回大 吧 做 数据 去 了
",n
"。 。 。
",p
"哈哈哈 哈哈哈 哈哈哈 我 觉得 还好
",p
"真的 很 喜欢 这 一家子
",p
"撕家 宝宝
",p
"萨摩耶 看着 乖巧 ， 但是 也是 三 傻 之一 啦
",p
"萨摩耶 也是 傻傻的 ， 但是 超萌 超甜 的
",p
"但是 小 狐狸 真的 是 非常 高冷 了 ， 感觉 跟 其他 的 傻 白甜 萨摩耶 完全 不 一样 的 感觉
",p
"糊 了
",n
"哇水楼 ！
",n
"我来 了
",p
"刚 在外 吃 一个 快餐     太 难吃 了
",n
"标题 的 1.0 能 去掉 了 吧 ， 聊到 明年 不 知道 有 2.0 没
",n
"我 试试 能 不能 水到 13 级
",p
"最近 脑袋 特别 疼 ， 不 知道 和 熬夜 有没有 关系
",n
"我 刚刚 在 豆瓣 知道 原来 王炸 的 麻袋 还有 个 贴 吧 ， 来 看看 果然 没人 了 ， 太 悲伤 了
",n
"哎   定期 回来 看看
",p
"可怕 再 跨
",n
"有点像 东莞 大型 传销 会 现场 , 灯光 话筒 就位 ， 葛 老师 请 开始 你 的 婊演
",n
"自觉 跨 一个 🔥
",n
"这 可是 他 工作室 发 的 图   我 还是 删 了 吧   太 吓人 怕 染上 衰气
",n
"这 叫 洗 剪 吹 还是 杀马特 ？
",n
"大家 不要 回复 隔壁 编剧 开 的 楼 了 ， 让 他 一个 人 solo
",n
"黑 童话 既视感
",n
"排队 进场 不 都 是 那样 的 场景 吗 ， 真是 搞不懂 了
",n
"* * * 像 邪教 or 灵堂
",n
"丑   比多 作怪
",n
"跨 火盆
",n
"散场 了 肥 鸟们 一人 提着 一个 印着 丑 干 大头 的 袋子 进 地铁 ， 会 吓 到 路 人 吧
",n
"散场 了 肥 鸟们 一人 提着 一个 印着 丑 干 大头 的 袋子 进 地铁 ， 会 吓 到 路 人 吧
",n
"你 在 质疑 路人 的 审美 吗 ， 在 他们 眼里 大头 朝天鼻 就是 帅
",n
"挑染 头发 了 ， 紫色
",p
"家里 有 孩子 的 就 别 让 孩子 看 了 ， 怕 吓 到
",n
"我 的 天呐 ， 为 保护 这些 还 有点 三观 的 鸟 ， 糊去 了 ID
",n
"。 。 。 他家 真是 帝国 开心果
",p
"今年 她们 的 生日 应援 主题 是   ？ ？ ？ tu ？
",p
"去 看 生日会 能 还 能 卖 羊 赚钱 ， 🐦 不亏 啊
",n
"哈哈哈 哈哈 坐内场 的 粉丝 高贵 一点 吧 大概 ， 你 爱豆 是 这么 给 你们 划分 的
",n
"生日 场图 ， 好像 没有
",n
"不是 晚上 才 开 的 吗 ？ 还是 三点钟 ？
",n
"生日快乐 啊   千玺
",p
"预告   小 gg 今天 有脏 辫   大家 期待 一下
",p
"邪教 大会 一样
",n
"集体 开 追悼会
",n
"灵堂 加 俗不可耐 的 应援 绝配 了
",n
"最近 同事 把 自家 英短 抱 到 公司 了 ， 好 可爱 啊 ớ   ₃ ờ ， 特别 高冷 ， 但是 怎么弄 它 都 不会 生气 ， 日常 吸猫
",p
"水 多久 才能 到 13 级 啊 ， 现在 吧 里 还有 程序 媛 吗 ？ 想 问 女生 可以 转行 做 开发 吗 ？ 会 不会 秃头 啊
",p
"今天 也 被 酒鬼 和 墨爷 可爱 到
",p
"小 裙子 明天 晚上 就 去 买 。 网上 看 了 那么 多家 ， 结果 还是 实体店 比较 爽
",p
"....
",p
"我 也 想 买 ， 等 你 repo 推荐
",p
"好久没 上 贴 吧 了
",n
"尺尺 当 吧 务 了
",p
"麻袋 真糊 了
",n
"新 版本 真难用 ， 李 艳红 要 的 果然 只有 钱
",n
"下雨 了
",p
"又 熬夜 了 ， 首先 得 把 生物钟 调整 过来
",n
"突然 想 起来 报告 还 没 写 完 自从 过年 以来 单位 好 忙 哦
",n
"编 数据 去 了
",p
"看 连衣裙 看 了 几天 了 ， 还 没有 选 好 ， 刚刚 下单 了 一条 半身裙 。 但是 还是 想 买 连衣裙
",p
"一个 男人 ， 天天 问 我 她 前女友 要 找 他 和 好 怎么办 ， 无力 吐槽 了
",n
"连衣裙 2 套 ， 阔腿裤 一堆
",p
"我 也 一大堆 短裙 短裤 ， 但是 还是 想 买 连衣裙
",p
"想想 想
",p
"我 也 想 买 连衣裙
",p
"蠢蠢欲动
",p
"小 吧 主能 不删 我 的 楼 不 经常 禁言 我 嘛
",n
"土偶 可以 说 吗 ？ 反正 这里 也 没什么 人 了 ， 让 我 吐 槽 一下 吧
",n
"原来 pick 的 都 不想 pick 了 ， 现在 想 pick 的 都 淘汰 了
",n
"觉醒 的 jpy   qzm ， 坤 yin 的 mzy   yy ， 香蕉 的 ldh 。 他们 真的 太 有趣 了 。 还有 磊子 我 的 快乐 瀑布 。 看 弹幕 说磊子治好 了 我 多年 的 抑郁症 哈哈哈 哈哈哈
",p
"使劲 吐槽 ， 斗罗 真的 让 人 等 得 心碎
",n
"觉得 斗罗女 主 不 好看 ， 看 了 几集 就弃 了
",n
"使劲 吐槽 ， 斗罗 真的 让 人 等 得 心碎
",n
"觉得 斗罗女 主 不 好看 ， 看 了 几集 就弃 了
",n
"。 。 。
",n
"小时候 还 可以 ， 长大 了 两个 都 emmmmm 。 。 。 还有 唐三 的 声音 娘娘 的
",n
"墨爷 真的 是 小 仙女 吧
",p
"现在 谁 是 吧 主
",p
"楼上 就是 哇
",p
"隔 段时间 就 有人 开贴 问 麻袋 怎么 糊 了 ， 怀念 以前 的 麻袋 ， 什么 观点 大于 属性 ， hello ， 8102 年 了 ， 大清 都 灭亡 了 ， 曾经 的 喷脏 你 怎么 瞎 了 没 看见 ， 你 当初 怎么 不 来 控诉 ， 现在 这么 蹩脚 的 试探 理由 ， 也 敢 拿 出来 假装 情怀 ， 喜欢 活在 过去 的 人 没 资格 来 麻袋 展望未来
",n
"真的 很 喜欢 酒鬼 一家 ， 今天 起早 看 完 repo ， 然后 就 看到 了 鬼鬼 一家 的 视频 ， 幸福感 爆棚 活力 满满的 一天 开始 啦
",p
"最近 身边 很多 人过 生给 朋友 买 的 口红 结果 忘带 过去 了 ， 只好 带 她 去 专柜 了
",n
"肚子饿
",n
"可爱 哇
",p
"卡 * * 给 你 爸 烧纸 没有
",n
"昨晚 去 那个 加油 吧 当 了 回吃瓜 群众 ， 挺 有意思 的 ， 那里 的 人 好像 把 工作室 = xw ， 给 工作室 提 点 意见 等于 对 xw 指手画脚 ， 对 xw 伸 的 手 太长太 住脑 ， 然后 开始 互相 洗脑 xw 肯定 不 想要 营销 我 就 讨厌 热 搜 ， xw 是 讨人喜欢 可 主要 还是 工作室 的 功劳 ， 妈呀 ， 这 哪 是 住 脑 这 是 姑姑 本姑 了 ， xw 也是 惨 除了 学 专业知识 还得学 营销 宣传 ， 都 能 指点 工作室 了 ， 还有 谁 说 汤圆 不会 骂人 这次 我 见识 到 了 很会 骂
",n
"看 了 眼 那 啥 偶像 练习生 ， 忽然 觉得 你 啵 真是 清流 ， 无论是 风格 还是 妆容 ， 看着 那 一堆堆 粉比头 毛 还 厚 下巴 能当 凶器 的 男孩子 ， 饭 都 吃不下 了
",n
"produce101 不 也是 抄袭 日本 的 akb 总 选举 吗 ， 都 是 投票 排名 次 ， 得 第一 的 站 吸位 ， 名次 好 的 前 几名 组团 唱歌 ， 只不过 101 属于 高级 抄袭 ， oxlxs 属于 低级 抄袭 罢了
",n
"关键 是 ， 里面 的 人 都 丑 爆 了
",n
"刚好 让 三月 追星 女孩 有 地方 可以 爬
",p
"好 想 结婚
",p
"produce48 了解 一下 咯 ， 秋元康 自己 都 不在意 ， 第三季 还 干脆 直接 合作 了 … 而 国内 这个 抄袭 节目 可是 被 原版 发了 声明 的 ， 而且 真的 完全 从头 抄到 尾
",n
"想 结婚 ？ 为啥 啊
",n
"土偶 完结 了 ， 找 不到 乐趣 了 。 从 今天 开始 不会 为 他们 出头 了 ， 做 一个 高贵 的 路 人粉
",n
"不 知道 我能 到 多少级
",p
"水一水 ， 麻袋 清闲
",p
"大 宝贝
",p
"线下 已经 有图 了
",p
"胃疼 ， 每天 正常 吃饭 啊 ， 为什么 会 胃 疼
",n
"来 给 卡卡 顶 顶楼
",p
"外边 为什么 这么 某人 的 桃花 楼 啊
",p
"马上 就 橙皮 了
",p
"太 恶心 了 ， 同性恋 做错 了 什么 要 这 样子 封杀 ， 这 本质 上 来说 根本 就 不算 个 问题 ， 就 像 有人 喜欢 吃 苹果 有人 喜欢 吃 西瓜 一样 ， 没有 对错 之分 ， 现在 喊 着 封杀 的 人 是不是 还活 在 文明 未开化 的 时期
",n
"落寞 的 绅士
",p
"果然 叙利亚 还是 同 多年 前 的 伊朗 ， 再次 满目疮痍 ， 世界 的 丛林 法则 ， 弱国 无 外交
",n
"真的 很 可怜 ， 先有国 再有 家 ， 这是 国垮 了
",n
"弱国 无 外交 … …
",n
"日本 广告 拍摄 行程 讨论 楼
",p
"禁 sjb
",n
"？ ？ ？
",n
"今天 到处 占楼
",n
"借 隔壁
",p
"拍 啥 广告 ？ 开封 菜 ？ 欧破 ？
",p
"话 说 当时 泡菜 行 的 那 出戏 有点 精彩 ， 霓虹 行会 有 怎样 的 惊喜 蛮 期待 也
",p
"欧破 广告 拍摄 ， 欢迎 大家 搬运 消息
",p
"oppo 小 电影 向来 还是 不错 的 ， 不过 今年 团 的 新 代言 都 有 主推 补充协议 ， 就 不 知道 戏份 会 怎样 了 。 。
",p
"想 看 好看 的 造型 ， 就 像 欧 颇 的 微 电影 一样
",p
"占 一个
",p
"不 知道 这 一次 xw 还 是不是 手机 精
",p
"oppo 小 电影 向来 还是 不错 的 ， 不过 今年 团 的 新 代言 都 有 主推 补充协议 ， 就 不 知道 戏份 会 怎样 了 。 。
",p
"— —
",p
"这话 说 的 ， 没有 新 协议 之前 也是 主推 戏份 最多 好 吗 ， 当时 看 了 提前 场 的 水产 回来 repo 都 说 wy 戏份 最少 现在 锤 还 在 上栋 楼里 呢
",n
"希望 还是 小 清新 风格 的 ， 不要 暗黑 悬疑 那种
",p
"9 号 是 周末 ， 时间 合适 的话 可以 去 努力 一下 ， 等 具体 航班
",p
"放心 了 ， 果然 公司 没有 智 . 障到 7.7 去 日本
",p
"希望 还是 小 清新 风格 的 ， 不要 暗黑 悬疑 那种
",p
"想 看 啵 啵 穿 和服
",p
"隔壁 楼 ？
",p
"组合 不会 想 拿 这种 日子 来 炒 吧
",n
"焰火 ， 浴衣 ， 木屐
",p
"想 看 浴衣 ！
",p
"都 已经 yy 了 就 说 个 大 的 ， 泡温泉 半果 湿身
",p
"幸好 不是 7.7 去 的
",p
"相扑 服 吗 ？
",p
"横幅 钱 不如 捐个 公益 午餐
",p
"纸鸟 在 学 他们 爱豆 杂耍 吗 都 什么 奇葩
",n
"难怪 被 gg 骂 丑蠢
",n
"干干 19 月 生日快乐
",p
"现场 前线 呢 ， 开场 了 没
",p
"lz 真的 不是 在 变相 安利 吗 ？ ？ ？ ？
",n
"爱奇 艺要 背锅 了
",n
"好像 开麦 了   我 去 给 大家 听听
",p
"几点 开始 的 ？ 也是 俩 小时 ？
",p
"希望 有 不怕 耳聋 的 小天使 能 做 新 的 车祸 现场 供 大家 开心
",n
"他 生日 咋 好像 没 人 送祝福
",n
"丑 。 。 。 。 爆 。 。 。 。 了
",n
"祝福 可能 一会儿 放 ， 要不然 一直 跳舞 ， 开麦 唱歌 下面 还 能活 几个 ！ 让 他 喘 口气 儿 吧 可 ！
",n
"gg 明星 生活 好几年 了 也 没 怎么 认识 圈内人 吧 ， 就 看到 个 lxl 祝福
",n
"跨 🔥
",n
"好丑
",n
"气短 还 坐 着 ， 葛 老师 不行 啊 。
",n
"脸上 好大 一个 坑
",n
"为什么 干 今天 开始 唱 英文歌 了 ？ 他 中文 歌 都 没练 好 吧 ， 怎么 突然 开始 全英文
",n
"袋友 是 去 当 前线 了 嘛
",p
"* * ， 我刚 去 看 了 之前 的 图 ， 怎么 杰克森 姨 还要 弹钢琴 ？ ？ ？ ？ ？
",n
"myss
",n
"好 冷清 。 。 。 都 没人 直播 。 。 。 一直 唱 还是 一直 跳 。 。 。 现场 有没有 熟人 来看 线下 活动 啊 ， 传说 中 的 大佬 出现 没 啊
",n
"搬 一下站 子 修过 的 图 好 吗 ？ 我 中午 吃 的 有点儿 多 都 唱 了 啥 呀 ？
",p
"跨 🔥
",n
"到 时放 出来 的 会 是 现场 录播 画面 吗 ， 不会 是 母带加 抠 图 吧 。
",n
"卡 了 半个 小时 才 进去 ， 今天 的 颜 不行 ， 但 依然 卖弄 男友 力 和 高逼格 感觉 qzh 肯定 很 吃 这 一套 了
",n
"一如既往 的 丑 ， 溜 肩 黑脸 大头 脸坑 ， 出 道 最早 ， 唱功 最烂 ， 麻烦 团队 别 逼 干干 了 ， 干干 只 喜欢 跳舞 ， 不太 喜欢 唱歌 ， 可是 跳舞 跳 全场 ， 丑干 是 要 气短 而亡 吧 ，
",n
"外星人 👽
",n
"芊芊 表现 的 咋样
",p
"😭 😭
",n
"看到 这个 图 真的 心里 一 紧 ， 酸 的 难受
",n
"伊拉克 ， 伊朗 ， 哎
",n
"可怜 的 还是 平民百姓
",n
"希望 下辈子 别 做人 了 ， 命运 这 玩意 真的 没有 道理 可言 ， 按理说 越 黑 的 天空 越能 看到 星辰 ， 但 现在 除了 绝望 还是 绝望 ， 充满 了 对 人性 的 怀疑 。
",n
"忽然 觉得 在 死亡 面前 ， 人类 都 很 渺小 ， 羡慕 那些 看 懂 了 依旧 充满希望 和 热爱 的 人 ， 那些 人 在 我 眼中 ， 才 是 真正 的 “ 看 开 ”
",n
"想起 一句 话 ： 世界 上 只有 一种 英雄主义 ， 看清 这个 世界 ， 然后 爱上 它
",p
"是 好 可怜 啊 ， 叙利亚 的 百姓
",n
"美国 有种 打仗 ， 那 就 先 把 所有 民众 撤离 ， 接收 到 自己 国家 安顿 好 呀 ， 为什么 要 让 民众 做 炮灰 ?
",n
"好帅
",p
"是 吧
",p
"真的 好好看 精致 贵气
",p
"怎么 辣 么 快 追过来 ， 真的 好看 ， 我次 奥
",p
"一早 起来 看到 古天乐 得 金像奖 了
",p
"调整 一下
",p
"我 的 心情 这 段时间 是 春困 了 吗
",p
"倦倦 的 ， 我 挺 喜欢 卡洛琳 的 性格 ， 积极向上 杠杠 的
",p
"麦克斯 的 dirty 我 也 喜欢
",p
"买 了 几双 尖头 高跟鞋 和 几只 口红 ， 要是 还有 其他 同款 我 也 想 买 ， 裙子 买 了 几条 ， 疯狂 购物 的 四月
",p
"不过 也 不算 很多 吧 自我安慰 ， 想着 总比 拿 去 吃 好 了
",p
"前 几天 疯吃海 喝 ， 小龙虾 真的 很 好吃 烤肉 也 喜欢 ， 火锅 串串 ， 我前 一个 星期 真 疯狂
",p
"好 了 ， 我 知道 不是 我 一个 人有 这种 状态 了 ， 这个 季节 都 有 这种 心情
",p
"for   china 哈哈哈哈 哈哈哈哈 哈哈哈
",p
"什么 垃圾 玩意儿 ， 倒数 就 一年 多 ， 倒贴 就算 了 连 驻华 办 都 没有 进 的 东西
",n
"吃软饭 吃 了 这么久 还 不是 辣鸡
",n
"像 在 看 智障 本障
",n
"想染 这种 颜色 ， 好 刺激
",p
"我 看见 卡卡 唠叨 ， 我 好 喜欢 她 啊 …
",p
"卡卡 不要 染 这个 发色 ， 我 尝试 过 ， 有点 难驾驭 ， 平时 穿衣服 搭配 都 要 思考 半天 ， 一不小心 特别 像 村姑 ， 就 非农 那种
",n
"日 ， 好 喜欢 ella 唱歌
",p
"应援 大 作战 ！ ！ ！
",p
"帝国 的 演唱会 和 其他人 的 演唱会 不同 ， 我们 不是 去 听歌 的 ， 更 多 的 是 去 应援 ！ 应援 ！ 应援 ！
",p
"而 本次 演唱会 有 哪些 应援 亮点 ， 又 有 哪些 值得 领取 的 礼包 呢 ， 我们 拭目以待
",p
"四家 都 已经 集结 好 了 夜排 人员 ， 产品 鸟团 ！
",p
"再 来 就是 蟹 工坊 ， 也 蛮 大 的 ， 很 亮 ， 但 内容 还是 .... 很 具有 产 的 代表性
",p
"第三个 站子 坝坝 挺 ， 全名 大灯 幅 。 个人 觉得 名字 做大必 做 一些 乱七八糟 的 言语 好 一点 。
",p
"品是 大 站子 还 没有 出动 吗 ？ 最后 再说 他 好 了 ， 没 看到 几个 哎
",n
"下面 来 看看 我们 团草 。 某草们 今年 弄 的 挺 好
",p
"占 一层 ， 本来 想开 这个 楼 呢 ， 又 懒得 去 别家 找图 ， 就 放弃 了
",n
"他们 用 行动 诠释 了 什么 叫做 花钱买 罪受
",n
"长路 经过 上次 的 风波 之后 有点 自暴自弃 ， 应援 中规中矩 ， 之所以 单独 给 他 开个 ， 毕竟 是 帝国 的 老 站子 ， 有 感情 了
",n
"此楼 刷下来 太费 流量 ， 需要 wifi
",n
"别的 不 求 ， 大家 一定 要 竞争 就 比 应援 吧 ， 别 又 抢 位子 又 打人 ， 搞 上 热 搜 都 不 好看
",n
"鸟 今年 大站 子 也 一些 还 没出 ， 随便 放些 ， 大家 略 看
",n
"围观 。 。
",p
"品 的 n 站 今年 没大有 灯幅 ， 还有 一个 站子 也 出 了 ， 不过 看起来 不亮
",p
"今年 透扇 个家 必备 ， 很 流行 哦
",p
"我 记得 pve 军团 是 满灯
",p
"搬 板凳 来 吃 瓜 围观
",p
"还有 其他 站子 出 了 公告 大家 都 来 贴 哈
",p
"总结 一下 目前 的 情况 ， 产 的 灯幅 大 而 多 ， 且 有 满灯 灯幅 。
",p
"团 的 也 不错 ， 创意 取胜 ， 很 可爱 的 啵 啵 啵
",p
"鸟和品 感觉 大 部队 还 未动 ， 需要 努力 啦
",n
"这个 镇楼 图 好玩
",p
"求别 在 打 上 热 。 搜 了 ， 你们 是 爽 了 ， 连累 了 安静 的 那 一家 被 骂 * *
",n
"pve 应援 公告 早出 了
",p
"今年 产品 都 有 满灯 灯幅 了 鸟鸟 加油
",p
"夜排 的话 出点 摩擦 很 正常 ， 特别 是 帝国 来说
",p
"拳头 多 厉害 ， 亮出 才 精彩
",p
"就 希望 打架 的 别 打 上 热 。 搜 ， 少 点 水花
",n
"还有 一个 小站 子 mingzihaoqihuai
",p
"还是 7 号 ？ 没 航班 啊 。
",n
"上面 的 太辣 眼睛 了
",n
"不 喜欢 日本 文化 。 。
",n
"忘 了 在 哪里 看到   有人 说 延期 了   7 号 不 去
",n
"到底 几号 ？ 狗 屠 sj 我糊袋 也 应该 不会 七号 去 吧 ！ 其实 去 霓虹 也好 ， 又 多个 国家 可以 看看 。 希望 波 有点 时间 出去 转转
",p
"浴衣 木屐 卷 毛毛 ~
",p
"去 日本 啊 ， 那 必须 兜裆布 小 雨衣 护士服 什么 的 来 一遍 啊
",p
"小 雨衣 ， 哈哈哈哈 ， 你们 梦 吧 ， 首先 某波 打死 也 不会 露 的 。
",p
"日本 ？
",p
"7 月 刚好 是 花火 大会 和 夏 祭 り 开始 的 时候 啊 ~ 不过 他们 要 晚 两个 星期 去 就 好 了 ， 那个 时候 东京 几个 有名 的 花火 大会 都 会 举办
",p
"想 看 日本 女士 的 衣服
",p
"有没有 可能 是 上 一个 的 续集 ？ xw 是 手机 精 ， 得到 能量 后 升级成 r11 ， 然后 变得 更 强大 功能 更 多 …
",p
"回来 不 一起 哎
",n
"别想 了 ， 你 boys 身份 特殊 ， 穿个 和服 都 很 容易 被 发散 ， 还是 保守 谨慎 为 好 。
",n
"机票 改到 8 号 了 ？ 草 一个个 急 的 ， 本来 这种 行程 也 没 多少 人 知道 你 去 啊 ， 这么 一闹 知道 你 啵 去 霓虹 的 人 还 多 了 ， 要 真想 黑 你 ， 8 号 去 照样 黑
",n
"有 猫 病 怎么 不 一起 回来
",n
"哈哈哈哈 哈哈哈 这 组合 怎么 肥 4
",n
"看见 航班 可以 了 ， 好 有 团魂 ， 一人 一天 ， 按 名字 字数 回来
",p
"早 回来 早好 ， 开心
",p
"好累 哦 ， 都 不能 玩儿 几天
",n
"先 回来 的 有 其他 工作 呗 ， 没事 的 就 多 玩 两天 ， 这时候 咋 都 这么 有团魂 了
",p
"有没有 航班信息 啦   好心人 share 一下 吧
",p
"看到 有发 行程 的 ， 比 之前 看到 的 都 要 提前 一天 回来 ， 三个 人 还是 不同 航班
",p
"xw 要 去 杭州 为什么 不 直接 日本 飞去 ？ 还要 回 北京 遛 一圈 ？
",p
"就 好奇 内容 吗 ？ 这时候 做 一个 菜 啵 们 可以 去 参加 什么 烟火 祭捞 金鱼 吃 棉花 糖 什么 的 只要 不要 动不动 尬 舞 就 行
",p
"許久 沒來 ， 他們 竟然 要來 日本 了 ！ 在 東京 那麼 久 ， 我終 於 有 機會 見 到 他們 了 ！ 怎麼 沒有 航班 阿 ！ 我 打算 今晚 就 去 睡 機場 的 說 ～ 那個 厲害 的 人 有 航班 時間 啊 ！ 我覺 著 這是 我 唯一 能見 到 愛豆 的 機會 了 ！ ！ ！ ！ ！ ！
",p
"手上 怎么 那么 多疤 呢
",n
"唱 了 boyfriend   全是 气音   我 快 听 岔气 了
",n
"他 是不是 打瘦 脸针 了 ， 至 从 中秋 三人 央视 照妖镜 下 ， 他 的 脸 最大 ， 之后 好像 他 的 脸 小 了 一圈 ， 是 剪 了 头发 ， 还是 打 了 瘦 脸针 ？
",n
"有没有 鸟来 夸 一下 ？ 带 diss 滤镜 的 名额 已经 满 了 …
",n
"算 逑 大妈 要配 老花镜 了
",n
"对不起 大家
",n
"半天 不见 丑 柑头 又 大 了 两圈
",n
"没有 全开 麦 吧 ！ 有 其他 声音 ， 失望 了
",n
"钱包 的 应援 和 公益 也 蛮 高大上 的 。
",p
"请问 他 衣服 应该 不是 某个 大牌 吧 ， 没有 diss 大牌 的 意思 ， 就 真的 是 很 乡土 … …
",n
"是 我 的 错觉 吗 ？ 我 怎么 觉得 钱包 的 鼻子 👃 变 了
",n
"看到 好心 人士 推荐 给 鸟 jj 们 的 同款
",p
"我 就 闲着没事 上 一下 饭圈 号   小汤圆 干嘛 这么 残酷
",n
"。 。 。 。 。 溜 了 溜 了 。 。 。
",n
"预警   好 吗
",n
"钱包 干皮 惹
",n
"gg 今天 过生日 ， 怎么 一点 水花 都 没见 。 。 。
",n
"干皮 不要 用妆 感重 的 粉底液
",n
"我   靠 … 预警     大型 预警 我 靠
",n
"上班 期间 不能 明目张胆 的 看 直播 好心 塞 ~ ~ 刚 偷偷 点 进去 看 了 一眼 ， 这 应援 总结 视频 怎么 一点 在 平时 没 感觉 到 。 。 连个 路 人 repo 也 没有 ， 。 。 。 然后 还 没 来得及 看 舞蹈 听 音乐 就关 了 。 。 。 一会儿 再点 进去 看 ， 怎么 还有 互动 浪费时间 真是
",n
"可是 不用 妆 感重 的 粉底液       就 遮不住 脸上 的 一些 问题 惹
",n
"鼻子 变 了 吗 ？
",n
"钱包 的 鼻尖 是 很 明显   是 玻 尿酸 扩散 了 吗
",n
"我 靠 你们 有毒 吧 ！ ！ ！ 这 谁 出 的 图 啊 ！ ！
",n
"溜 肩 穿 大衣 真的 不 好看 ， 楼上 怎么回事 ， 放图 吓人 ， 倒叙 预警
",n
"好像 做 了 鼻尖 ?
",n
"我 靠 你们 有毒 吧 ！ ！ ！ 这 谁 出 的 图 啊 ！ ！
",n
"～ ～ ～
",n
"这锅 可不是 xty 的 ， 这 是 人 ssq 博主出 的 图
",n
"拜托 你们   预警 好 吗
",n
"禁 rs 楼主
",n
"哈哈哈哈 哈哈哈哈 哈哈哈 哈哈哈 哈哈哈
",p
"时隔多年 小 啵 们 终于 铜矿 了 ， 你们 激不 激动
",p
"这 是不是 都 是 最 新鲜 的 啵 ， 看看 他们 的 变化 吧 😄
",p
"铜矿 全靠 p
",n
"抠 图 同框 也是 没 谁 了 ， 违和感 下线
",n
"铜矿 全靠 p
",n
"… …
",n
"现在 能 有 可以 公开 p 在 一起 的 机会 已经 很 难得 了 啊
",p
"颜值 对比 强烈
",n
"p 在 一起 也 叫 铜矿 啊
",n
"俊凯 坠 心机 惹 ， 打光 打 得 人群 中 他 最 耀眼 ， 明明 是 黑 皮厚
",n
"绝望 了 ， 圆圆 脸肿 鼻子 大 ， 钱包 仿佛 苍老 十岁
",n
"gg 脖子 瞩目
",n
"看到 ps 痕迹 。 我 …
",n
"都 不敢 给 gg 近景 ， 太辣眼 了
",n
"明明 xw 那么 帅
",p
"新鲜 不 ， 小 啵 新鲜 不 → _ →
",p
"我 宝宝 的 视频 好怪 ， 全靠 脸撑 了
",n
"这 好好 唱歌
",p
"颜值 ， 气质 ， 语言 表述 和 思想境界 真是 不可同日而语
",p
"新鲜 个 p 啊             不 知道 什么 时候 拍 的 拼在一起     xw 的 在 洛杉矶 的 衣服
",n
"有 好 的 作品 ， 帮助 其他人
",p
"新鲜 个 p 啊   不 知道 什么 时候 拍 的 拼在一起   xw 的 在 洛杉矶 的 衣服
",n
"… …
",n
"那 不 就是 这 两天 吗 ， 还 不 新鲜 啊
",p
"楼主 在 表演 鸟鸟 怎么 装团 饭
",n
"我 现在 每天 的 动力 就是 看 我家 yy 了
",p
"新鲜 个 p 啊   不 知道 什么 时候 拍 的 拼在一起   xw 的 在 洛杉矶 的 衣服
",n
"… …
",n
"那 不 就是 这 两天 吗 ， 还 不 新鲜 啊
",p
"… …
",n
"另外 两个 不 知道 两天 也 不鲜 啊
",n
"小时候 真的 很 喜欢 她
",p
"杰哥 怎么 会 去 这个 节目 勒
",n
"fine 我 不 喜欢 浓妆艳抹 的 男 的 ， 恶心
",n
"铁甲 每期 只有 一个 小时 ？
",n
"余罪 三 什么 时候 出来
",p
"好 中 二 哈哈哈哈 哈哈哈哈 哈哈哈 哈哈哈
",p
"zs 确实 流量 很大 哇
",p
"铁甲 好看 吗 ？
",p
"还 可以 ， 我 喜欢 这种 机械类
",p
"连 火箭 工程师 都 有
",p
"i   like   it
",p
"好 吧
",p
"后面 很燃 啊
",p
"沙尘暴 好 n   . b
",p
"wz 真暖 男 啊
",p
"有趣 的 人少 了 很多
",n
"maybe
",n
"嗯 嗯
",p
"当然 也 可能 是 我 变 无聊 了
",n
"原来 极 挑 是 今晚 播出
",p
"先导 片 的 求生欲 很强 了 哈哈哈 哈哈哈 哈哈哈 要 不要 再 把 hx 请来 当 嘉宾 啊
",p
"日   还是 大 胸妹 ， 我 爱 max
",p
"推荐 铁甲 雄心 ， 没有 乱七八糟 的 ， 直接 打 ， 机器人 直接 打 ， 很燃 。
",p
"还有 三万 了
",p
"快 忍不住 了 怎么 可以 拍 得 这么 悄悄 咪咪 的 失踪 儿 砸 去 哪里 了
",n
"发 ins 感觉 离 我 好 远 啊
",n
"我 大大方方 承认 ， 我 早就 爬墙 了 ， 毕竟 也 饭 过 ， 不会 回 踩 。 可是 就 不 找 找 粉丝 都 爬墙 的 理由 吗 ？ boys 真的 没有 任何 优势 了
",n
"如果 不爱 了 ， 不 追星 也 可以   爬墙 。 。 。 不能 想象 ， 有些 感情 只有 对 一个 人才 会 有
",n
"麻袋 吧 真糊 了 😂
",n
"我 觉得 钱包 挺 美的         美艳 动人
",p
"图 都 看 完 了 ， 我 先 吐 。
",n
"新浪 音乐 出 boyfriend 了 。 。 。 听 了 一下 。 。 。 有 两个 声音 。 。 。 。 地下 粉丝 控评 太快 了 三分钟 上百 评论 了 。 。 。 有没有 路 人 说话 的 地 了 。 。 。 这歌 得修 一下 再发 吧 ， 太黑 了 这样 。 。 。 已经 完全 听不出 是 这 首歌 了 。 。 。
",n
"互动 时 长 有点 多 。 唱歌跳舞 才艺 表演 就 少 了 。
",n
"这 都 穿 的 啥 啊
",n
"哇 靠 ， 和 粉丝 打电话
",n
"鼻子 变 好看 了 ！
",p
"请放图 的 各位 手下留情 ！ 现在 看 眼科 估计 得 排队 ！
",n
"很 明显 了 吧
",p
"鸟鸟 日常 贴 xw
",p
"这 鼻子 还 好看 呢 ， 哈哈哈哈 哈哈哈 哈哈哈
",n
"纸鸟 莫不是 疯 了
",n
"感觉 削 了 鼻头 的 肉 啊
",n
"ctm   日常 碰瓷 王 又 来 了 。
",n
"生日 也 不 给 丑 干 积德 ， 碰 你 妈 的 瓷
",n
"穿 的 啥 呀 ， 可怕 千千 大红 那套 丑死 了
",n
"鸟鸟 ， 请 看 图片 logo ， 我 已经 找 的 是 最美 的 了 。
",p
"鸟鸟 ， 请 看 图片 logo ， 我 已经 找 的 是 最美 的 了 。 2
",p
"鸟鸟 ， 请 看 图片 logo ， 我 已经 找 的 是 最美 的 了 。 3
",p
"鸟鸟 ， 请 看 图片 logo ， 我 已经 找 的 是 最美 的 了 。 4
",p
"好 美的 牙齿
",p
"头 真的 好大
",n
"鸟鸟 ， 请 看 图片 logo ， 我 已经 找 的 是 最美 的 了 。 5
",p
"像 个 棒槌
",n
"死鸟 ， 我 找 的 可 都 是 媒体 发 的 图 。
",n
"服装 什么 牌子 有 扒 的 吗
",p
"不管 啥 内容 都 期待 一下
",p
"去 日本 当然 吃 吃 寿司 🍣 ， 走走 动漫 街 ， 泡泡 温泉 … 不要 工作 啦
",p
"8 号 去 ， 还 不是 一起 回来
",p
"踢 一脚
",n
"忘记 有 这个 楼 了 ， 呵呵
",p
"上次 波去 韩国 也 没 怎么 玩吧 ， 毕竟 是 工作 行程 ， 只 记得 观 海里 ， 逛街 买糖 ， 小 g 去 蹲 他 偶像 ， 还有 吃 烧烤 。 这次 不 知道 小 波 ， 能 不能 挪出 时间 来 耍 一耍 ！
",p
"碧石 这楼 又 是 新 的 战场
",n
"大家 真的 分开 开楼 啦 ， 。 好 吧 ， 我们 亲爱 滴提 爱抚 hhy   呀
",p
"这是 一点 图 都 没有 啊 ？ ！ 想想 去年 在 三亚 拍微 电影 时 ，
",p
"https : m . weibo . cn52921076944127663834677764 肉 饱饱
",p
"所以 今天 拍 的 是 室内 吗 ， 拍 室内 为什么 要 跑 日本 去
",p
"所以 今天 拍 的 是 室内 吗 ， 拍 室内 为什么 要 跑 日本 去
",p
"日本 团队 啊   看到 视频 里 工作人员 是 日本 人
",p
"都 是 分开 活动 的 吗 ？ 上班 的 ， 逛街 的 ， 看 电影 的 ？
",p
"墨绿色 的 外套 好看 唉
",p
"分开 拍摄 ？
",p
"所以 今天 拍 的 是 室内 吗 ， 拍 室内 为什么 要 跑 日本 去
",p
"日本 团队 啊   看到 视频 里 工作人员 是 日本 人
",p
".....
",n
"希望 日本 团队 拍 出来 的 小 清新 一点 吧
",p
"小 啵 怎么 不 在 一起 呀
",n
"我 喜欢 宽大 偏日系 的 那件 衣服
",p
"终于 有 动静 了 ？
",p
"分开 拍 ？ 开心 ， 太好了
",p
"分开 拍   你好 我 好 大家 好   各家 都 满意
",p
"终于 有图 了
",p
"终于 有点 图来 舔 舔 了
",p
"希望 广告片 里 每个 人 都 有 一个 完整 的 故事 。
",p
"其实 偶像 最 重要 的 就是 优秀作品 ， 而 不是 炒作
",p
"未来 不忘 初心
",p
"哈哈哈哈 哈哈哈哈 哈哈哈 哈哈哈 对比 哈哈哈 哈哈哈 886 真够 好玩 的 哈哈哈 哈哈哈 哈哈哈
",p
"新鲜 个 p 啊   不 知道 什么 时候 拍 的 拼在一起   xw 的 在 洛杉矶 的 衣服
",n
"… …
",n
"那 不 就是 这 两天 吗 ， 还 不 新鲜 啊
",p
"… …
",n
"另外 两个 不 知道   两天 也 不鲜 啊
",n
"… …
",n
"两天 还 不 新鲜 ？ 冬天 都 到 了 ， 保持 两天 也 不会 坏 啊
",p
"哈哈哈哈 哈哈哈哈 哈哈哈 哈哈哈 对比 残忍
",n
"其实 偶像 最 重要 的 就是 优秀作品 ， 而 不是 炒作
",p
"… …
",n
"你 干嘛 学 wy 说话
",n
"对比 的确 惨烈
",n
"我 截图 没截 好 ， 不要 用 这个 评价 胭脂
",n
"新鲜 个 p 啊   不 知道 什么 时候 拍 的 拼在一起   xw 的 在 洛杉矶 的 衣服
",n
"… …
",n
"那 不 就是 这 两天 吗 ， 还 不 新鲜 啊
",p
"… …
",n
"另外 两个 不 知道   两天 也 不鲜 啊
",n
"… …
",n
"两天 还 不 新鲜 ？ 冬天 都 到 了 ， 保持 两天 也 不会 坏 啊
",p
"… …
",n
"你 脑子 有 坑         还有 你 把 你 的 那个 美图楼   禁 那个 酸奶   太 恶心 了 她
",n
"狗 屠死妈 ， 我 y 宝宝 的 声音 被 变声 了 吧
",n
"唉 xw 的 脸 就是 鼻子 不 好看 ， 大 了 点 ， 其他 都 挺 完美 的 。
",n
"楼主 在 表演 鸟鸟 怎么 装团 饭
",n
"868 = 434 双杀
",n
"粗 脖怪   胖头鱼
",n
"只有 一个 敢 用 大特写 ， 另 两个 。 。 。 摄影师 懂
",n
"哈哈哈 哈哈哈 ， 抠 图 boys ， 我 男朋友 真 好看
",p
"本来 都 不忍心 说 ， 好好看 你家 两 * * 呗 ， 非 要 犯贱
",n
"ssfj 一天 不 对 xw 使 绊子 就 会 死 吗
",n
"美图秀 秀 p 了 一下 ， xty 觉得 怎么样 ， 有没有 更好 看 更 秀气 一点
",p
"kk .       gg   真的 是 好丑 啊
",n
"gg 是 丑 ， kk 是 畸形 ， kk 的 眼睛 和 眉毛 都 不 对称
",n
"gg 的 实在 不 知道 怎么 p 了 ， 鼻子 那俩 黑洞 怎么 缩小 都 特别 黑 特别 大 我 放弃 了
",n
"dw 眼睛 和 眉毛 都 不 对称 ， 还 大于 ， 真 好意思
",n
"屠夫 真是 一 合体 有 一点 机会 都 要 给 wy 使 绊子 ， 本质 low 货粉
",n
"看 疯俊 把 孩子 累 的 脸上 的 皮 都 松 了
",n
"看看 你 准备 怎么 p 你家 胖头鱼
",n
"那个 p 图 的 是 大叔 吧 ， p 图 工具 用 的 简直 一言难尽 。 。 。
",n
"dw 脸大 五官 小 ， 还是 得 减肥 ， 不然 显脸 胖
",n
"都 强 打光 了 还 需要 p 什么 ， 肯定 是 看到 那天 央视 采访 不 p 图 不能 见 人 了
",n
"怎么 不 p 了 你家 胖头鱼 丑到 你 直接 放弃 了
",n
"你 才 是 大叔 ， 你 全家 都 是 大叔
",n
"北极星
",p
"围观 ！
",p
"团 的 那个 1 米 灯牌 啵 啵 啵 链接 拍 了 1000 +
",p
"今年 团 没 跟 纸鸟 一堆 还是 有 优势 的 ， 不然 压根 就是 给 红色 做 应援
",p
"草们 那个 站 除了 中间 一个 好像 今年 都 买 对 电池 了
",p
"镇楼 图好 red 吗 ？ 看到 其他 属性 之前 用过
",p
"哈哈哈哈 哈哈哈 ， 你 的 四周 年 着装 贴 都 糊 了 ， 你 怎么 又 开 一个
",n
"本代去 四周 年 ， 到时候 给 大家 现场直播 哈
",p
"不开麦 叫 什么 演唱会 。 侮辱 歌手
",n
"求草别 色盲 ， 备好 足够 的 电池 。 别 再说 因为 电池 变色 了 。 尴尬
",n
"草 今年 都 偏向 于 黄色 了
",n
"品 后援会 全名 大灯 幅
",p
"这些 灯牌 不会 挡 着 别人 看波 吗 ？
",n
"产 今年 刚 出来 的 几个 新站 子 都 挺 拼 的 ， 贴个 小 恶魔 站
",p
"大 的 能带 进去 ？ ？ ？
",n
"产 的 真的 亮 、 大 、 多
",p
"产 今年 很 拼 啊
",p
"不 拼要 黑脸 的
",n
"灯牌 弄 得 那么 花哨 干嘛 ？ 我 还是 觉得 名字 的 最 好看
",n
"海贼王 三个 字 还是 黄色 的 ， 草草 们 高兴 了 这么 大 还是 xpx 最有 团魂 了
",p
"产 大概 真是 三周年 受刺激 了 ， 今年 炒鸡 拼 呀
",p
"目前 三家 811 人数 统计 ， 鸟 1100 ＋ ， 品 1020 ＋ ， 产 910 ， 灯 副 都 是 传说 ， 人数 多才 是 真 ， 红绿 盛世 预定 ！
",p
"813 才 要 拼 呢 会 直播 的
",p
"团 就 该 弄 黄色   黄色 点亮 后 和 橙色 没差 多少
",p
"终于 有人 开 了
",p
"刚好 首页 有 ， 很 喜欢 那个 爱心
",p
"。 又 一个 满灯 灯幅 ！ ！ ！ ！ ！ 还是 大站 子 硬气 ， 品 的 骑士 终于 来 了
",p
"今年 应援 各家 都 弄 了 满灯 灯幅 ， 灯幅 嘛 就是 够 亮够 大才 过瘾
",p
"一辈子 又 不会 喜欢 一个 偶像 ， 我 还是 从 四大 流量 之一 爬 到 boys 这来 的 呢 。 最近 忙 着 工作 吃 鸡 ， 追星 其实 已经 淡 了 很多 了 。
",n
"我 也 粉过 四大 之一 ， 但 那种 感情 和 现在 的 不 一样 ， 那 时候 只是 跟风 追星 ， 而 真的 心动 真的 只会 对 一个 人有   眼里 再 装不下 其他人 。
",p
"如果 不爱 了 ， 淡 了 ， 那 也 会 是 白月光 ， 无法 替代
",p
"人生 不如意 的 事 ， 十之八九 亿
",n
"被 6 支配 很 久
",p
"画手 很 * *
",p
"我 啥时候 能练 到 这 程度
",p
"设计 东西 好 麻烦 ， 脱发 女孩 指日可待
",n
"可 可爱 爱
",p
"有限 的 生命 浪费 在 无限 的 追星 上 ， 我 还是 卸载 不了 贴 吧
",n
"刚才 微博 看到 举重 妖精 金福珠 男主拉女 主挡 轿车 溅 过来 的 水 ， 哈哈哈 哈哈哈 ， 男主贱 兮兮 的
",p
"咦 ， 好久没 来 ， md 好像 恢复 了 点儿 正常 的 感觉
",p
"正常 吗
",n
"戛纳
",p
"一则 笑话
",p
"真的 很 好笑 ， 正好 正主 实现 了 这 一 扫帚 ， 好响 的 声音
",n
"这 两天 看大 主宰 看 得 停不下来
",p
"岛民 已经 凉 了 ， 不要 再 鞭尸 了
",n
"谁 在 顶 坟 贴
",n
"不 知道 ， 芊芊 还 在 呢
",p
"后来 的 我们 看着 预售 很 高 诶 ， 这种 文艺片 有点 666
",p
"现在 拜读 岛民 的 著作 感觉 像 看笑话 一样 ， 让 我 在 难挨 的 日子 里 笑 出 了 声
",p
"文艺片 很少 看 ， 上 一次 看 的 是 头号 玩家
",n
"哈哈哈 哈哈哈 哈哈哈 你 还 看 这些
",n
"我 也是 ， 看 了 芳华 给 我 的 感官 并 不太好 受 。
",n
"芳华 很多 人 看 耶 ， 但 我 不 喜欢 某刚 ， 所以 没有 看
",n
"注水 很 厉害
",n
"那 我 还是 看复联 吧
",p
"铁甲 是 真的 挺 好看 的
",p
"大 主宰 好多 打斗 戏 ， 特效 必须 得 很 好 吧
",p
"跟 dw 站 在 一起 像是 要 吃 了 dw 似的 ， 好凶
",n
"美国 读 的 高中 叫 Oakwoods   Friends   School ,   是 纽约州 的 一所 私立高中 。 在 学校 人缘 不错 ， 女性朋友 有 很多 ， 她 也 经常 帮着 她 的 朋友 们 的 TB 店 打广告 。
",p
"有 新 的 爆料 说 ， 她 在 美国 的 人缘 也 不太好 ， 所谓 的 朋友 都 是 酒肉朋友 。 朋友圈 都 是 那种 学校 不好 的 纨绔子弟 ， 学习 好 的 孩子 都 不 待见 她 。
",n
"第一任 公开 的 男友 叫 xh ， 是 个 家里 很 有 背景 的 男网 红 ， 后来 被 甩 了 （ 八组 那个 楼里 说 的 ） 。 她 刚刚 公开 恋情 的 时候 ， INS 上面 很多 人 都 很 羡慕 她
",n
"sze 家境 不错 ， 开 的 车 是 阿斯顿 马丁 ( 300 万 人民币 左右 ) 。 ( 虽然 这么 说 很八婆 ， 但是 我 觉得 ， 她 和 sc 血缘关系 没有 那么 近 ， 最 多 就是 远房 表亲 而已 。 大家 也 知道 ， sc 从小 家境 不好 。 我 还 看过 天涯 爆料 贴 ， 说 sc 因为 穷怕 了 ， 经常 傍 大款 ， 有 一次 大款 把 咖啡 泼 在 她 身上 都 忍 了 。 已知 ， sze 家里 很 有钱 ， 如果 两家 关系 近 ， sc 不会 过 的 那么 惨 。 )
",p
"看 采访   性格 应该 不像 小孩子 了   她 说 自己 出国 读书   遇到困难 不会 和 父母 说   因为 太远 了 除了 担心 也 没用   只有 自己 解决   感觉 性格 应该 比较 硬 的 那种   不是 软妹
",p
"看 他 照片 就是 那种 完 很 开 的 有钱 女 …
",n
"干嘛 ？ 给 我 儿子 们 说 亲 的 吗 ？ 本 母亲 不 同意 哦
",n
"自 炒 滚
",n
"tf 不要 贴 sze 了 ， 人家 已经 签新 公司 了 ， 你家 高攀不上
",n
"瞎 炒 什么 ， 根本 互相 看不上 好 吧
",n
"她 有 男朋友 关 kk 什么 事 ， 八竿子打不着
",n
"干嘛 ？ 给 我 儿子 们 说 亲 的 吗 ？ 本 母亲 不 同意 哦
",n
"… …
",n
"儿子 们 娶 什么样 的 ， 我 都 不 同意 ， 我 儿子 得 打光棍
",n
"这 两人 看着 都 不配 吧   大宝 感觉 还是 少年 的 样子 ， szr 却 没有 少女 的 样子
",n
"所以 关 我们 什么 事 ？
",n
"关 我们 小 啵 屁事
",n
"说 了 一百个 女 的 也是 你 啵 高攀不上 ， 只能 配 zzf ， 别 给 人家 xjb 拉瓜 了 ， 自己 待 着 好好 卖腐 吧
",n
"都 特 么 什么 时候 了 还 关心 没用 的 人 ， 为了 争风吃醋 去 关注 假想敌
",n
"不 认识 ， 请 不要 倒贴 我袋 。 以后 红 了 再说
",n
"暂时 来看 不 相配 ， 宝宝 们 还 没 成年 呢 ， 本 麻麻 不准 ， 不过 娱乐 就是 个圈 ， 想到 以后 儿子 们 和 女星 网红 啊 交往 ， 老 母亲 还是 有点 舍不得 ， ～
",n
"楼主 怎么 像 天涯 上 的 一个 号 … …
",p
"镇楼 图同框 那张 ， sze 仿佛 一脸 嫌弃
",n
"干嘛 ？ 给 我 儿子 们 说 亲 的 吗 ？ 本 母亲 不 同意 哦
",n
"… …
",n
"儿子 们 娶 什么样 的 ， 我 都 不 同意 ， 我 儿子 得 打光棍
",n
"- - - - - -
",n
"你 儿子 那个 样子 ， 到时候 高不成低不就 ， 可不 就 得 打光棍
",n
"天 啊 ， 这女 的 还 在 八组 炒 啊 ？ 炒 了 多少 个 月 了
",n
"儿子 以后 会 成为 小 pk 吗
",p
"那 还 挺配 的 啊   dw 脾气 也 不是太好   这个 女孩子 长 的 还 可以 哦
",p
"和 dw 很配 啊 ， dw 脾气 和 她 对 上 ， 都 是 受 宠爱 目中无人 的 人 ， 谁 怕 谁 啊 ， 支持 xpx 开 话题 磕
",p
"好 啊 ， 希望 她 离 dw 越远 越 好 ！ 我波 还 不 稀罕 呢 ！
",n
"lZ 不是 lxs 吧 的 吗
",n
"她 的 团队 别 倒贴 boys 炒作 就 谢天谢地 了
",n
"老葛 今天 真的 突破 颜值 下限 了 … …
",n
"我 也 来 发 一个   宣传 图   嘻嘻
",p
"这 可是 媒体 怕 的 图 ， 死鸟 以后 可 不要 污蔑 别人 发黑 图 了 ， 干干 就长 这个 diao 样子 。
",n
"真的 是 葫芦 脸
",n
"邪教
",n
"词唱错 了 。 。
",n
"生日 祝福 没有 吗
",n
"干干 真的 是 太配 他 了 ， 他 一 年轻人 的 脸 咋 能 那么 干 呢 ！
",n
"有 直播 链接 吗   丸 丸 什么 时候 出来
",p
"今天 明明 比 以前 好看 多 了
",p
"一个 令人 心酸 的 boy
",n
"钱包 太 努力 了 ， 为了 生日会 旰食宵衣 ， 这 TM 是 怎么 做到 得 ？ 【 图片 】 【 图片 】
",p
"。 。
",n
"工作室 皮下 谁 啊 怎么 又 下作 又 文盲
",n
"继续 更
",p
"啥 ， 他 唱 了 喜剧之王 ？ ？ ？ ？ ？ ？ ？ ？ ？ ？ ？ ？ ？ ？ ？ ？ ？
",n
"服装 造型 怎么 看着 这么 廉价 的 感觉
",n
"这么 多套 衣服 就 没 一件 好看 的
",n
"深切 感受 到 了 唱功 （ 什么 gui … 舞蹈 还是 比较 真诚 …
",n
"这张 58 岁 的 脸
",n
"钱包 换 了 几套 衣服 了 呀 ? 为什么 就 没有 好看 的
",n
"易颜难 尽
",n
"造型师 谁 ? 这 水平 也 太差 了 吧
",n
"唱歌 没有 起伏 ， 听 了 原唱 ， 觉得 不是 同一首歌 。
",n
"团饭 和 死鸟 拍 的 现场图 ， 已经 是 找 的 最美 的 了 ， 我 尽力 了 。
",n
"好 老 的 脸
",n
"操 * * * * * 哦 别人 生日 的 时候 小鸟 怎么 不 积德 啊 ， 这是 报应
",n
"是不是 有个 前线 jj 穿 的 还是 和服
",p
"这身 好 清爽 ， 感觉 自动 带 了 日系 滤镜
",p
"太好了 ， 颜值 不错 ， 衣服 好看 ， 穿 的 墨绿色 的 有点像 日本 的 衣服 风格 啊
",p
"这个 绿色 条纹 我 以为 是 广告 造型 呢   原来 是 私服 啊
",p
"想 看 广告
",p
"清爽 ， 这 私服 很 不错 啊
",p
"好 想 把 军绿色 那套 搬 过来 ， 忍住 … … 实在 太 好看 了
",p
"zzf 这个 发型 … …
",n
"爆料 一直 说 的 是 和 wjk
",p
"绿绿 哒 dw 跟 绿绿 哒 zfmm 更配 哟
",p
"继 hmq 又 一位 固定 女主
",p
"看饼 楼 lz 爆料 博 下面 的 评论 ， 太 搞笑 了 ， 帝国 真得 是 小学生 太 多 。
",n
"xw 这日系 boy 的 feel ， 清新自然
",p
"不愧 是 oppo 这次 所有 主角 衣服 都 是 绿色 系 ?
",p
"之前 RB 跟 CWT 的 OPPO 广告 三月 拍 ， 五月 才 上线 ， 啵 的 不会 也 要 等 这么久 吧
",n
"不 知道 oo , xk 有没有 去逛 吃玩 ， qq 但是 被 偶遇 了
",p
"qq 穿 得 像 流浪汉
",n
"日本 团队 色调 会 比较 美 吧   我 真是 受不了 韩系 打光 了 太 油腻   希望 以后 多多 和 女孩子 互动 拒绝 三 傻 并肩 黑暗 无边
",n
"再 踢 一脚 无关 的   zfmm 上 一周 一直 在 日本 旅游   看 她 微博 照片 日系 写真 风格 美死 了   希望 我们 男孩 也 出去玩 拍 几张
",p
"所以 dw 是 和 zf 妹妹 一条 剧情 线 ， xw 是 和 wjs 前辈 一条线 ， 可能 是 父子 ？       干 玩儿 得 好开心 ， 羡慕
",p
"xw 是 和 wjs 拍 啊 ， 开心 我 还 挺 喜欢 wjs 演 的 戏 的
",p
"...... 能 把 小 清新 霓虹 拍 成 影楼 风棚 拍 ， 俊凯 眼里 的 世界 拍出 的 照片 暴露出 他 毫无 内涵 ， 基本 审美 … … 所以 到底 是 怎么回事 ？ 我 记得 有 一年生 日会 他 手机 的 照片 还是 可以 看 的 ， 如今 … …
",n
"没有 楼下 说 的 那么 夸张 吧 就是 色彩 饱和度 很 高 ， 很 动漫 风 。 。
",p
"你 也 太 心狠 了 kk 都 瘦 的 铲 铲 心疼 死 了 你 还 让 他 减肥 去死吧
",n
"gg 不 化妆 真是 不能 见 人 了
",n
"不想 p   dw ， 他 最 失败 的 就是 眉毛 ， 倒八字 ， 啥 审美 ， 真是 气死
",n
"干干的 “ 路人粉 ” 说 就 爱 他 的 男人味
",n
"… …
",n
"我 g 美得 模糊 了 性别 ， 谢谢
",n
"最黑 的 p 的 最白 ， 声音 最好 听 的 给 你 加速 变声 ， 🐶 屠 还是 一如既往 的 宠爱 主推 ， 铲 铲 不要 总是 和 土 🐶 打情骂俏 了 看 的 太 恶心 了
",n
"嘴巴 没 p 好 是 我 的 错 ， 倒八眉 p 成平眉 好看 多 了 ， 脸 我 觉得 有点 长 ， 所以 把 中庭 拉短 了 点
",n
"嘴 … …
",n
"可怜 的 gg … …
",n
"哈哈哈哈 哈哈哈 哈哈哈 哈哈哈 哈哈哈 这 审美 怪不得 饭 你 爱豆
",n
"说 你 是 大叔 你 还 不 承认 ， 你 看看 你 p 的 ， 哪个 女生 会 把 图 p 成 这样 。 。 。
",n
"不忍 直视 这个 组合 ， 三个 人 三种 画风 ， 幸好 现在 单飞 了
",n
"不看 嘴 了 ， 我 觉得 我 上半 部分 p 的 顺眼 多 了 有没有
",n
"截掉 也 能 自动 脑补下 半张 脸
",n
"不 知道 螃蟹 们 能 不能 忍 ， 我 都 快 不能 忍 了 。 。 。
",n
"这 确实 有点 坑 了
",n
"我千 还是 糙糙 的
",n
"gg 真的 没救 了   太 伙夫 了   没有 p 图师 就 现原形 了
",n
"* * 还给 自己 爱豆 搞个 韩式 平眉 ， 真是 小 公举 惹
",n
"有 视频 地址 么
",p
"摸摸 你 的 良心 ， 这 怎么 夸得 下 口
",n
"韩式 平眉 万无一失 啊 ， 你 看 那个 倒八眉 ， 露 额头 的 时候 真的 很丑
",n
"那 用力 的 表情 ， 感觉 某人 的 鼻子 下 一秒 就 喷出 火来
",n
"像 吗
",n
"emmmm 好久没 见 右边 俩 现在 长 这样 了 ？
",n
"你们 不是 说 dw 眉毛 是 做 的 韩式 半 永久 吗 ， 可能 不好 改 吧
",n
"仨 人 长相 特点 越来越 明显 ， dw 的 倒八眉 下 嘴角 刻薄 脸 ， xw 看起来 就 很 性格 好 善良 好 接触 ， gg 很 朴实 敦厚
",n
"底子 好 哈哈哈 哈哈
",p
"蓝海 预定 了
",p
"星源 是不是 跑 了 重大事件 总是 不 出现
",n
"产 的 那么 多 地方 够 挂 马 … …
",n
"xy 压轴 吧 ？ 不能 让 品品们 失望 哦
",p
"产 这次 大灯 幅 却是 最 多 ， 还是 领跑 选手
",p
"品 的 也 还行
",p
"鸟 也 不错
",p
"团 也 努力 了
",p
"岛 ： emmmmmm 坝坝 已经 放弃 他 了
",n
"海贼 w 是 橙色 ？ ？ ？ 很 满意 了
",p
"岛 这次 能 超过 30 人嘛
",n
"我来 截图 发吧   901 一米 灯幅
",p
"这 只是 帕特 万
",p
"岛 这次 能 超过 30 人嘛
",n
"____ （ （ （ （ （
",n
"不好意思 别酸 了 ， 300 都 不止 好 吗 ？
",n
"岛 这次 能 超过 30 人嘛
",n
"____ （ （ （ （ （
",n
"不好意思 别酸 了 ， 300 都 不止 好 吗 ？
",n
"- - -
",n
"能 有 三百 人 ？ ？
",n
"k 官博
",p
"岛 这次 能 超过 30 人嘛
",n
"____ （ （ （ （ （
",n
"不好意思 别酸 了 ， 300 都 不止 好 吗 ？
",n
"。 。 。
",n
"你 里 岛 是 要 使出 洪荒 之力 嘛 期待 哦 ！
",p
"产 这次 带进去 就 蓝海 盛世 了
",p
"产 后援会 ， 等 拍 很多 内容 略
",p
"鸟 的 一个 站子
",p
"哇塞 感觉 阿产好 努力 是 要 一雪前 耻 吗
",p
"鸟 的 美工 好 简洁
",p
"本帖 比较 注重 灯幅 啊 ， 当然 有 创意 的 应援 点 也 会 注重 的 哈
",p
"我来 几张 品 的
",p
"图糊 了
",n
"真的 好 拼 ， 其实 灯牌 还是 挺 挡 着 后面 的 人 的
",n
"没有 灯牌 ， 挺萌 的
",p
"只能 先 看看 斗破 播出来 是 什么 大致 的 效果 了
",n
"怎么 悄无声息 的 就 已经 开始 演了
",n
"哈哈哈哈 哈哈哈 哈哈哈 哈哈哈 哈哈哈 哈哈哈 哈哈哈 骚 操作
",p
"没有 什么 比 蒸煮 下场 好玩 了
",p
"就 只有 水楼 了
",p
"卡卡 早 啊 ！ 该 起床 啦 ！
",p
"你 太 早 了 吧
",p
"今天 星期五 ， 开心
",p
"到 橙皮
",p
"今天 和 朋友 去 景点 玩
",p
"我 还 挺 喜欢 ryn
",p
"为啥 还 没有 定妆 照
",n
"一个 综艺 为啥 有 三个 多 小时
",n
"我 想 看 wy 三个 小时
",p
"这 节目 太长 了 ， 不感兴趣 了
",n
"贴 吧 是不是 要 完蛋
",n
"又 出 故障 了
",n
"最近 辞职 这 几天 特别 自 在 ， 吃饭 睡觉 遛鸟 养花 种菜 ， 没事 逗逗 猫 遛 遛狗 ， 虽然 天气 很 热 ， 但 水果 当季 的 很多 ， 特别 馋 ， 买 了 好多 吃 了 好多 ， 提前 步入 中年人 生活 了 ， 如果 不是 爸妈 催 我 ， 不然的话 ， 真想 当个 米虫
",p
"我妈 知道 我 喜欢 tf , 老说 我 这么 多个 还 喜欢 小屁孩 ， 昨天 刚好 看 了 一集 钱包 的 熟悉 的 味道 ， 说 要 我 向 他 学习 ， 多 吃苦 ， 数落 我 一大 推 ， 还要 给 我 报名 拳击 培训班 ， 我 … … … … 做错 了 什么 ~ ~ ~
",n
"又 去 看 了 想 唱 ， 声音 得天独厚 ， 我 还是 最 喜欢 他 唱歌 ， 想 让 他 完完全全 的 接受 音乐课 训练 ， 喜欢 过 的 歌手 现在 都 超过 了 五年 ， 最长 的 10 年 ， 很长情 了
",p
"好久没 来 贴 吧 了
",n
"小屁孩 儿太 好听 了 ， 这期 我 想 和 你 唱 也 top
",p
"多 参加 音乐节目 吧
",p
"每天 都 想 早睡 来 着 ， 结果 每天 都 熬夜
",n
"突然 在 想 ， ljj 为啥 不 收 徒弟 呢 ， 不是 小圆 可以 去 申请 一下
",p
"活 得 纠结 容易 神经质 ， 这点 我 深有体会
",n
"听闻 岛民 走 zz 了 是不是 真的
",n
"能 不能 水到 12 级
",p
"这 ， 太 他 妈 打击 人 了 8
",n
"在 逛 别的 贴 吧 的 时候 看见 的 好 伤心 啊
",n
"脱饭 1128 秒
",n
"另 一个 谁
",p
"这人 黑 历史 被 扒 是不是 又 是因为 四字 有 个 好 爹
",n
"切 ， 芊芊 又 不靠 颜值
",p
"哈哈哈 哈哈哈 哈哈哈
",p
"心肝 的 盛世 美颜 岂 是 凡夫俗子 可以 比 的
",p
"只能 说 干命 好
",p
"前面 这个 是 谁 ？ ？ ？ ？ 好帅 * * 是 真帅 呀
",p
"前面 这个 确实 帅
",p
"儿子 和 老爸
",p
"… …
",n
"看帖 的 时候 就 来 了 这个 ， 新浪 简直 要 气死我 才 肯 罢休
",n
"这是 zx 艺考 时 的 图 ？
",p
"天呐 ， 颜值 对比 强烈 啊 ！ 帅 的 这个 有点像 小 时代 里 的 陈学冬 的 哥哥
",p
"左边 谁 啊 ， 真 TM 帅
",p
"肝 吃 藕 就算 了 ， 还 矮
",n
"前面 的 小哥 完全 碾压 啊
",p
"马夫 丑受 整容 梅毒 人妖 丑干
",n
"我 笑 了
",n
"前面 那位 小哥   眼熟 啊   渣 男马浩东 ？
",n
"这种 图 应该 很 好 截 吧
",p
"这 也 太 。 。 路人 都 不如 ， 吃 藕
",n
"哈哈哈 哈哈哈
",p
"这种 男 的 广州 大街 满路 都 是 ， 切
",n
"前面 那个 小 哥哥 有点 帅 的 样子
",p
"你们 眼睛 都 是 有 问题 的 吧
",n
"还 挺配 的
",p
"sze 这张 表情 挺 搞笑 的 ， 感觉 是 一个 很 成熟 的 女孩
",p
"讨论 半天 所以 sze 是 谁
",p
"不要 倒贴 麻袋 ， 天天 在 养鸡场 安利 还 没 炒够 吗
",n
"bz 爆料 ？ 不会 是 团队 自爆 吧 。
",n
"等 十六岁 一播出 ， 再 出个 tf 粉 攻击 她 的 通稿 ， 路人 和 黑粉 一看 ， 哇 ， 脑残粉 ， 人家 白富 美看 得 上 你们 掏粪 男孩 。 又 有 热度 又 有 口碑
",n
"我 对 楼主 好 熟悉 啊 ， 就是 想不起来 什么 事 了
",p
"为啥 现在 团队 都 喜欢 先放 黑料 自 炒 再 洗白 ？ 唉 : - (   想红能 不能 换个 方式
",n
"娱乐圈 这种 风气 要不得 啊 ， 都 想 速成 ， 不惜 自黑
",n
"艹 ， 刚看 完 这 贴 ， 一 打开 ty
",n
"在 友谊 吧 开 了 一个 贴 扒 sze ,   结果 立马 被 删帖 + 封号 ， sze 买 了 不少 水军 啊
",n
"看着 脾气 就
",n
"没有 少女 气质 ， 毕竟 网红风
",n
"小 太妹 既视感
",n
"这贴 的 存在 意义 是 什么
",n
"这 两人 通稿 那么 多次 ， 都 没有 水花 ， 麻烦 换人 炒 吧 。
",n
"有 男朋友 还 捆绑 dw 炒作 ， 这 人品 ， 呵呵 呵
",n
"楼主 ， 你 是 公司 人 吧 因为 SZE 不听话 恼羞成怒 了 ？
",n
"这贴 为什么 一直 飘着 ？ 没 兴趣 ， 别来 炒 了
",n
"还 在 炒 这个 ？ 不 晓得 楼里 说 倒贴 的 哪来 的 优越感 ， 表示 并 不 认识 这 人 ， 也 不 知道 她 怎么 和 我 啵 扯 上 的 … …
",n
"有点像 zbz 其实 ， 除了 嘴 ， 挺 漂亮 的
",p
"真的 绝 了 ， 他 真的 没有 少年 感
",n
"为什么 这么 土 ， 到底 是 衣服 土 还是 人土 ， 真的 好土 呀
",n
"史诗 级 吊粉
",n
"这个 如果 太 吓人 了
",n
"哈哈 ， 真心实意 的 祝福 来 了 祝 我们 心肝 保持 容颜 ， 不要 在 变 老 了
",n
"我 就 想 问 这场 衣服 谁 赞助 的 … …
",n
"对比 一下
",p
"放 了 祝福 视频 ， 四五个 美国 录歌 工作人员 ， 陈 正道 导演 ， 两个 现在 一起 拍戏 的 演员 ， 剩下 是 tf 二团 ， 之后 是 他 自己 的 宣传片 ， 不 知道 后面 还有 没有 祝福 视频
",p
"生日 祝福 来 了 ， 就 练习生 和 几个 音乐 制作 人 ? 两分钟 的 视频 练习生 的 时间 占 了 一半 还 多
",n
"看 logo 鸟鸟 自己 拍 的 有 七 三分 吗 。
",n
"你们 永远 是 我 最蠢 最肥 最丑 的 纸鸟 ， 我们 一起 去 营销 全世界 哟 。
",n
"发太多 了 ， 跨 一下 。
",n
"队友 什么 时候 出来
",p
"怎么 纸鸟 自己 拍 的 也 那么 辣眼 ， 真的 是 审丑 癖 团体 吗
",n
"qq 的 生日 祝福 没有 一个 ylq 明星 吗 ？
",n
"我 保证 这是 视频 截图 ， 他 的 鼻子 👃 怎么 了
",n
"gg 这 鼻尖 是 垫 假体 了 吧
",n
"一个半 小时 了 ， 我们 dxw 什么 时候 来
",n
"这 一套 是 真的 地摊货 还是 他 给 穿 出 问题 来 了 ？
",n
"。 。 。 。 。
",n
"这牌 。 。 。 干干 家 打 得 稀烂 。 。 。
",n
"按 xw 的 时间   最后 半个 小时 出来
",p
"比 今天 的 葛 老师 丑 的 永远 是 明天 的 葛 老师 ， 怎么 可以 丑成 这样
",n
"我 在 上班 … … 我 被 你们 勾起 了 好奇心 … 这 直播 是 个 什么 效果 …
",n
"这些 衣服 有 大牌 吗 ？ 有 的话 为 大牌 默哀 一下
",n
"丑干 为啥 不 染红 的 ， 燃紫 的 了 ？
",n
"为 大牌 默哀 ， 为 纸鸟 默哀
",n
"他 说 自己 是 高 二 吗 ？ ？
",n
"生日 过后 鸟鸟 应该 会大 撕 工作室 ， 反正 工作室 快换 了 ， 还 可以 虐虐 粉
",n
"我 看 微博 有人 吐槽 他 说 高二
",n
"生日 过后 鸟鸟 应该 会大 撕 工作室 ， 反正 工作室 快换 了 ， 还 可以 虐虐 粉
",n
"… …
",n
"you   get   it 等艳玲
",p
"认为 霓虹 就是 小 清新 太 可笑 了 吧 ， 夏天 的 霓虹 是 浓烈 的 ， 就是 这样 色彩斑斓 的 的 呀 。 最 喜欢 的 是 东京 塔 的 两张 ， 最后 的 夜景 应该 是 六本木 hills 上 拍 的 吧 ， 拍得 很 好 了
",p
"1.2 . 3   特别 是 第三张 我 觉得 拍 的 很 好
",p
"这 什么 动画 ， 你 的 名字 ？ 是 有 传说 当时 dw 和 gg 一起 去 看 的 吧
",p
"好 吧 ， 我 相信 xk 是 看过 你 的 名字 了 ～
",p
"有 外景 ！ ！ ！ ？ ？ ？ 真棒
",p
"你 的 名字 。 。 一起 看 电影 。 。 哟 哟 ， 切克 闹
",p
"太久 没 关注 了 ， 啵 几个 现在 在 哪里 啊 ？ ？ 为什么 xw 在 中国 dw 在 日本 ？ ？ ？
",n
"有点 虐心
",n
"怎么 没有 GG 的 造型 图 3 - 1 = 0
",n
"所以 。 。 。 。 我 到底 应该 嗑 凯子 还是 凯千
",p
"所以 DW 跟 ZF 线 的 广告 剧情 跟 你 的 名字 有关 ?
",p
"楼主 这楼 糊 了
",n
"如果 zfmm 真 和 某个 啵 成 了 ， 想来 还 真是 有趣
",p
"图 都 好好看
",p
"只有 我 一个 人 在 想 怎么 带进去 吗 ！ ！ 我特 么 一个一米 的 灯幅 都 觉得 硬邦邦的 不好 塞 ！ ！
",n
"能 全部 带进去       挂上去 才 是 真的 nb       不然 也是 * * b     各家 的 能 挂 一半 的 灯幅 都 不错 了
",p
"为什么 不贴 上射 飞镖 和 带枪 应援 ， 多 新颖 ， 谁 也 比不上
",p
"问下 是 每家 应援 3 只 ss 都 有 赞助 零食 吗 ？ 好多 站子 有 吃 的
",p
"别酸岛 没人 去 了 ， 正主 无意 一个 小 互动 ， 半场 皆 岛 。
",n
"看看 团 的
",p
"集齐 六家 了 ， 我们 软妹币 呢 ？ yk 吧 都 有 灯牌 了 ， rmb 没有 不合理 啊
",n
"橙 跟 红 有 什么 区别 呢
",n
"色盲 菜治好 了 ？
",n
"我 记得 去年 有 几家 灯幅 是 前一晚 运 进去 的 吧 ？
",p
"一路 下来 ， 要么 图是 糊 的 ， 要么 就 截 半截 ， 强迫症 受不了
",n
"还是 帝国 666 ， 才 三个 人 各种 大 属性 就 七个 ， 加上 几种 小 属性 好 神奇 。 另外 rmb 的 灯牌 是 银白色 ?
",p
"岛民 散粉 ， 7 × 1.5 。
",p
"岛民 散粉 ， 25 个 图示 灯牌 。
",p
"看 今年 岛 有 了 没 人权 的 刺激 ， 应援 都 积极 起来 了 ， 也 安排 了 夜排
",p
"我 不爽   mrq 能红 起来 。 宁愿 岛民 一直 红 下去
",n
"ky 依然 强势 cp ， 团团 也 今年 很 不错
",p
"rmb 就 一个 灯牌 真的 太吃土 了 吧 ， 随便 一个 人 都 能 买 个 吧 ， 咋 rmb 就 一个 人去 ？
",n
"骑士
",p
"好多 大灯 牌 ， 来 看看 哪里 可以 挂 起来 吧
",p
"所以 说 夜排 至关重要
",p
"帝国 大战 从 十号 拉开序幕
",n
"夜排 太 夸张 了 我 做不来 我要 睡觉
",n
"夜排 太 夸张 了 我 做不来 我要 睡觉
",n
"- - -
",n
"不夜排 怎么 抢 栏杆 运灯 幅 啊 ， 除非 买通 保安
",n
"看 一下 占 的 应援 地 吧 ， 只 找到 凯 ， 🐦 两家
",n
"鸟 的
",p
"现在 就 开始 了 ， 不过 还是 人 在 哪里 游泳 ， 用 笔画 上 不 可能 站 的 上
",p
"帝国 抢位 大站 已经 开始 了
",n
"鸟和产 已经 率先 抢 山头 了
",n
"另一家 很 早就 画过 了
",p
"想 说 一下 我 对 这里 和 爱豆们 的 看法
",p
"现在 大概 已经 脱粉 了
",n
"大概 我 是 和平主义 … … 只是 突然 想 说 一下 我 追星 的 心路历程 之类 的
",p
"第一次 知道 是 13 年底 ， 嗯 我 就是 个 肤浅 的 颜饭 ， 当时 觉得 小 的 特别 可爱 就是 我 特别 喜欢 他 那 张脸 ， 侧脸 ， 当时 感觉 真的 理解 了 什么 是 “ 从画 中 走 出来 的 ” 。 然后 就 去 追 小 短句 ， 看 拍 得 乱乱的 自制 小 综艺 ， 越发 觉得 好 可爱 呀 ， 当时 对 cp 虽然 还是 吃 的 ， 但是 大 的 不怎么 符合 我 的 审美 … … 就 在 那 时候 真的 是 肤浅 的 颜饭 ， 和平 的 初期 饭 … … 只会 说好 可爱 呀 好萌 啊 的 那种 。 对 实力 真的 不 关心 ， 说实话 觉得 偶像 只要 可爱 就行了 ， 所以 后来 看到 分析 小朋友 早期 主持 实力 的 帖子 觉得 很 惊讶 。 那么 小 的 小孩 还要 被 评论 啊 。 虽然 主持 也是 不 专业 ， 但是 觉得 那才 是 萌点 。
",p
"后来 我 也 不想 说 这件 事 … … 是 被 一个 gay 推入 cp 坑 … … 那 就 开心 地 吃 cp 了 。 因为 我 自己 是 … … 对 谁 都 很 温柔 然后 大家 都 会 跟 我 玩 的 人 ， 就是 我 很 被 信任 ， 大家 有 什么 秘密 都 会 跟 我 说 。 那 时候 我 就 发现 了 ， 我 觉得 这种 八卦 啊 秘密 啊 什么 的 听 得 很烦 。 我 不感兴趣 。 我 觉得 听 着 很 痛苦 。 我 不 知道 女生 是不是 都 真的 很 喜欢 听 八卦 ， 但是 我 就是 不 喜欢 听 ， 所以 也 没有 进入 大家 的 小圈子 。 感觉 就是 虽然 都 接受 我 ， 喜欢 我 ， 但是 没有 特别 亲密 的 朋友 。 一个 人 还是 很 怕 孤独 的 。 那 时候 觉得 cp 很 暖 ， 不是 什么 人设 ， 什么 恋爱 感情 ， 就是 觉得 有人 能 陪伴 在 身边 ， 单单 这 一点 就 很 让 人 羡慕 。 我 很 渴望 亲密关系 ， 美帝 cp 满足 了 我 的 幻想 。 但是 从 最 开始 我 就 发现 这 对 cp 有 一种 不 平衡感 。 就是 一方 被 打压 被 牵制 的 感觉 ， 可能 你们 会 说 弱 受 强攻 吧 … … 但是 有时候 看着 有点 让 人 痛苦 。 这 都 是 我 的 个人 想法 ， 可能 跟 真相 根本 都 不 沾边 。 但是 但是 只是 觉得 那种 紧密联系 在 一起 的 关系 很 暖 ， 是 我 向往 的 那种 亲密关系 。 （ 这 一切 可能 都 只是 我 对于 爱豆 的 想象 ）
",n
"大概 算是 开始 饭爱豆 了 … … 以前 也 浅浅 饭过 ， 可能 喜欢 开闭 系 ， 但是 日本 人 其实 说话 都 挺 温柔 的 ， 那边 的 饭 圈 我 不 了解 ， 但是 表面 上 看 都 很 和平 。 我 其实 一直 不能 算 混 了 饭 圈 … … 就是 打打 榜 ， 买买 专辑 ， 抢 抢票 。 所以 更 多 看 的 是 爱豆 个人 ， 没 怎么 看饭 圈 。 对于 个人 我 觉得 14 年 15 年 的 小 的 特别 戳心 。 就是 感觉 他 总是 畏畏缩缩 的 ， 讨着 大家 的 欢心 。 虽然 是 主持人 的 素质 吧 ， 但是 感觉 其实 其他 场合 也 这样 。 另外 一个 头发 总是 乱乱的 小 主持人 就 没有 他 这种 气质 。 就是 太 懂事 了 一点 ， 性格 不是 很 幼稚 。 明明 还是 小孩子 。 然后 我 对 这种 好像 隐藏 着 什么 黑暗面 （ 可能 都 是 我 的 妄想 ! ） 但是 表面 上 表演 好 本职 ， 对 大家 都 笑 ， 装作 很 二 的 那种 ， 那种 人 ， 有 一种 被 吸引 的 感觉 … … 但是 很迷 这种 有点 弱气 ， 但是 不会 服弱 还是 好好 工作 的 感觉 （ ? ） 还是 可能 是 我 的 妄想 。
",n
"然后 就是 到 了 15 年 。 当时 也 进 了 粽团 ， 知道 了 一些 爆料 。 但是 网络 信息 比较 真真假假 ， 很 可能 是 出于 个人利益 的 钓鱼 贴 。 但是 根据 一些 实锤 跟风 讨厌 起 了 队友 。 但是 就是 讨厌 ， 没有 到 会 随便 谩骂 的 程度 … … 而且 看 很多 爆料 的 时候 ， 虽然 都 很甜 ， 但是 看着 看着 又 开启 了 我 “ 讨厌 听 八卦 ” 的 属性 … … 所以 还是 只 看 舞台 上 的 爱豆 了 。 我 不 知道 ss 是 什么 心理 ， 但 我 比较 倾向 于 和 喜欢 的 人 保持 距离 。 就 这样 作走 了 我 几个 现实生活 中 的 朋友 … … 她们 都 说 我 太 冷淡 了 … … 其实 … … 我 很 喜欢 她们 ， 就是 我 不 觉得 我 冷淡 啊 。 然后 那 时候 也 发现 ， 就是 看 视频 ， 其实 都 是 大 的 在 玩 在 闹 ， 小 的 就是 附和 一下 ， 觉得 他 其实 也 挺 冷淡 的 … … 当时 没 怎么 注意 这个 事情 ， 但是 后来 发展 对 我 来说 很 严重 的 一点 … …
",n
"对于 大 的 ， 那 时候 大家 都 说 老妈子 人设 ， 逼人 吃饭 ， 管人 玩 手机 什么 的 。 到 现在 网上 也 有 女生 说 希望 有个 管 自己 的 男朋友 。 当时 当糖 吃 了 ， 现在 看来 ， 这些 女生 是不是 缺乏 父爱 ? 管 自己 ? 吃不下 的 时候 * * * ， 这种 强加 的 ， 自私 的 做法 真的 是 爱 吗 ？ 我 不想 讨论 什么 友情 爱情 ， 那 都 不 重要 。 我饭 的 是 爱豆 ， 唱歌跳舞 的 爱豆 。 爱豆 之间 的 关系 ， 只有 爱豆 清楚 。 饭离 他们 实际上 太远 了 。 我 说 的 仅仅只是 我 的 主观 想法 。 很 可能 不是 现实 。 但是 我 觉得 追星 不 需要 看 现实 。 只要 选择 一个 由 明星 发展 出来 的 ， 你 喜欢 的 幻想 元素 ， 然后 沉溺 进去 就 可以 了 。 这样 你 就 会 消费 ， 这 就是 艺人 的 工作 。 制造 幻想 。 艺人 不会 说 ， 你 看看 真实 的 我 。 他们 是 一种 展示 美好 的 载体 ， 至于 真实 如何 ， 我 觉得 忽视 是 最好 的 选择 。
",n
"刚入 坑 的 时候 我 也是 个 傻 白甜 ， 认为 三小 只是 关系 很 好 的 好 兄弟 呢
",n
"其实 他们 三个 的 性格 是 玩 不到 一起 去 的
",n
"gg 变 单眼皮 了
",n
"虽然 打光 有明 有 暗 ， 但是 谁 是 透 粉白 谁 是 肾虚 黄 谁 是 天生 土色 还是 一眼 就 能 看 出来
",n
"想 抱 着 oo 亲 两口
",p
"dw 的 五官 真是 适合 上妆 啊   眉眼 鼻子 那 块 非常 的 立体 深邃
",p
"xw 真的 不卖萌 说不过去   他 圆溜溜 黑乌乌 的 眼睛 好 无辜 好 可爱 哦   像 只 小兔子
",p
"现在 看 当初 凯源 cp 的 人设 都 崩 了   但 外形 还是 符合 当初 的 人设 的
",n
"楼上 那位 是 妙妙
",p
"皮肤 不是 抹白 打光 就够 的 ， 还要 看肤质 ， 细腻 光滑 健康 的 皮肤 最是 上乘 ， 所以 袋儿 姐妹 们 多 睡觉 少 熬夜 不要 发疯 ， 为了 见爱豆 时别 一脸 菜色 ， 啵 啵 们 也 要 注意 卸妆 少 打游戏 少 熬夜 哦 ， 九点 睡觉 的 才 是 乖宝宝
",n
"长 脖子 ， 短 脖子 ， 粗 脖子
",n
"gg 又 老 了 十岁
",n
"细 脖子   粗 脖怪   龟 丞相
",n
"再 来说 说小圆 ，
",p
"水蜜桃 男孩 肤质 无可挑剔 ， 就算 你 不 给 他 打光 他 透粉 的 肤色 和 明亮 的 眼睛 依然 能 一下 抓住 你 的 心 ， 微翘 的 嘴角 天生 带笑 ， 即使 面 无表情 也 会 让 你 恍惚 误会 他 在 对 你 微笑 ， 很 多次 我 尝试 把 他 嘴角 盖住 才 发现 并 不是 这样 ， 唯一 的 不足 应该 是 左右 脸 不是 那么 对称 吧 ， 不过 这 也 给 他 带来 了 天使 恶魔 并存 的 趣味 感 ， 他 的 五官 比例 从小 就 很 完美 ， 即使 中间 因为 发育 问题 鼻梁 发育 得 比 脸骨 早 ， 依然 盖 不住 他 柔软 的 特质 ， 楼里 有 把 他 鼻子 p 小 的 尝试 ， 反而 不如 原装 好看 ， 现在 的 比例 已 近乎 完美 ， 希望 圆圆 继续 保持 早睡早起 的 良好习惯 ， 好 皮肤 和 明亮 的 眼睛 就是 早睡早起 给 你 的 回报
",p
"纸鸟 都 看不下去 我 g 的 脸 了 ， 艾特 人家 工作室 骂街 ， 有 什么 用 了 ， 化 了 妆 还 不是 天天 被 嘲丑 ， 应该 给 他 换 个头
",n
"gg 还是 丑得 这么 突出 ， 这么 特立独行 。
",n
"最后 说 说 小衫 ，
",p
"小衫 真的 很 努力 了 ， 从 方面 阔 腮 单眼皮 大鼻子 大 鼻孔 大 牙缝 粗 脖溜肩 的 钱 总 小丑 娃到 今天 的 双眼皮 儿 烤瓷牙 非主流 审美 高级 脸 ， 小衫 的 努力 有目共睹 ， 加油 吧 小衫 ！
",n
"自从 看到 有人 说 gg 长得 像 鳖 以后 ， 我 就 无法 直视 gg 了 …
",n
"我 不过 就是说 gg 不 化妆 不能 看 ， 你家 粉头 都 承认 了 都 炸 工作室 了 ， 868 还 删 我 ！ 为什么 不 承认现实 ！
",n
"小 酸奶 是不是 暗恋 我
",p
"对 我 总是 犯蠢 得 吸引 ， 服 了
",n
"小 肥肥 好帅
",p
"我 最 爱 小 肥肥 了
",p
"千宝素 颜 不 需要 比较
",p
"kk 真丑 ， 嘴巴 好 难看 ， 两颊 有 两个 大包 ， 残 了
",n
"kk 下巴 也 不 好看 ， 最 也 不 好看 ， 还 没个 好 脸型 ， 两颊 有 大包 ， 鼻子 像 女生 ， 鼻孔 外扩 ， 简直 残 不忍 睹
",n
"吓人
",n
"最近 过得 很 滋润
",p
"所谓 有情 饮水饱 ， 看 卡尺 的 滋润 程度 ， 一定 喝 了 不少 水
",p
"不是
",n
"前段时间 去 上下 九买 衣服 加 了 一位 小哥 的 微信 ， 一直 有 聊天 ， 小哥 人 挺 实在 ， 天气 好玩 的 好吃 的 广州 的 美食 都 聊 了 很多 ， 两人 共同爱好 话题 特别 多 ， 但 美中不足 的 是 小哥 大学 在读 中 ， 我大 了 他 六岁 ， 心理 过 不了 这关 ， 怕 再聊 下去 会崩 了 ， 怎么办 … … 哭哭
",n
"是 开心 得 要死 ， 但是 绝对 打乱 了 宣传 步奏
",n
